date,0.13,0.28,0.43,0.58,0.73,0.88
1949-01-31,,,,,,
1949-02-28,,,,,,
1949-03-31,,,,,,
1949-04-30,,,,,,
1949-05-31,,,,,,
1949-06-30,,,,,,
1949-07-31,,,,,,
1949-08-31,,,,,,
1949-09-30,,,,,,
1949-10-31,,,,,,
1949-11-30,,,,,,
1949-12-31,,,,,,
1950-01-31,,,,,,
1950-02-28,,,,,,
1950-03-31,,,,,,
1950-04-30,,,,,,
1950-05-31,,,,,,
1950-06-30,,,,,,
1950-07-31,,,,,,
1950-08-31,,,,,,
1950-09-30,,,,,,
1950-10-31,,,,,,
1950-11-30,,,,,,
1950-12-31,,,,,,
1951-01-31,,,,,,
1951-02-28,,,,,,
1951-03-31,,,,,,
1951-04-30,,,,,,
1951-05-31,,,,,,
1951-06-30,,,,,,
1951-07-31,,,,,,
1951-08-31,,,,,,
1951-09-30,,,,,,
1951-10-31,,,,,,
1951-11-30,,,,,,
1951-12-31,,,,,,
1952-01-31,,,,,,
1952-02-29,,,,,,
1952-03-31,,,,,,
1952-04-30,,,,,,
1952-05-31,,,,,,
1952-06-30,,,,,,
1952-07-31,,,,,,
1952-08-31,,,,,,
1952-09-30,,,,,,
1952-10-31,,,,,,
1952-11-30,,,,,,
1952-12-31,,,,,,
1953-01-31,,,,,,
1953-02-28,,,,,,
1953-03-31,,,,,,
1953-04-30,,,,,,
1953-05-31,,,,,,
1953-06-30,,,,,,
1953-07-31,,,,,,
1953-08-31,,,,,,
1953-09-30,,,,,,
1953-10-31,,,,,,
1953-11-30,,,,,,
1953-12-31,,,,,,
1954-01-31,,,,,,
1954-02-28,,,,,,
1954-03-31,,,,,,
1954-04-30,,,,,,
1954-05-31,,,,,,
1954-06-30,,,,,,
1954-07-31,,,,,,
1954-08-31,,,,,,
1954-09-30,,,,,,
1954-10-31,,,,,,
1954-11-30,,,,,,
1954-12-31,,,,,,
1955-01-31,,,,,,
1955-02-28,,,,,,
1955-03-31,,,,,,
1955-04-30,,,,,,
1955-05-31,,,,,,
1955-06-30,,,,,,
1955-07-31,,,,,,
1955-08-31,,,,,,
1955-09-30,,,,,,
1955-10-31,,,,,,
1955-11-30,,,,,,
1955-12-31,,,,,,
1956-01-31,,,,,,
1956-02-29,,,,,,
1956-03-31,,,,,,
1956-04-30,,,,,,
1956-05-31,,,,,,
1956-06-30,,,,,,
1956-07-31,,,,,,
1956-08-31,,,,,,
1956-09-30,,,,,,
1956-10-31,,,,,,
1956-11-30,,,,,,
1956-12-31,,,,,,
1957-01-31,,,,,,
1957-02-28,,,,,,
1957-03-31,,,,,,
1957-04-30,,,,,,
1957-05-31,,,,,,
1957-06-30,,,,,,
1957-07-31,,,,,,
1957-08-31,,,,,,
1957-09-30,,,,,,
1957-10-31,,,,,,
1957-11-30,,,,,,
1957-12-31,,,,,,
1958-01-31,,,,,,
1958-02-28,,,,,,
1958-03-31,,,,,,
1958-04-30,,,,,,
1958-05-31,,,,,,
1958-06-30,,,,,,
1958-07-31,,,,,,
1958-08-31,,,,,,
1958-09-30,,,,,,
1958-10-31,,,,,,
1958-11-30,,,,,,
1958-12-31,,,,,,
1959-01-31,,,,,,
1959-02-28,,,,,,
1959-03-31,,,,,,
1959-04-30,,,,,,
1959-05-31,,,,,,
1959-06-30,,,,,,
1959-07-31,,,,,,
1959-08-31,,,,,,
1959-09-30,,,,,,
1959-10-31,,,,,,
1959-11-30,,,,,,
1959-12-31,,,,,,
1960-01-31,,,,,,
1960-02-29,,,,,,
1960-03-31,,,,,,
1960-04-30,,,,,,
1960-05-31,,,,,,
1960-06-30,,,,,,
1960-07-31,,,,,,
1960-08-31,,,,,,
1960-09-30,,,,,,
1960-10-31,,,,,,
1960-11-30,,,,,,
1960-12-31,,,,,,
1961-01-31,,,,,,
1961-02-28,,,,,,
1961-03-31,,,,,,
1961-04-30,,,,,,
1961-05-31,,,,,,
1961-06-30,,,,,,
1961-07-31,,,,,,
1961-08-31,,,,,,
1961-09-30,,,,,,
1961-10-31,,,,,,
1961-11-30,,,,,,
1961-12-31,,,,,,
1962-01-31,,,,,,
1962-02-28,,,,,,
1962-03-31,,,,,,
1962-04-30,,,,,,
1962-05-31,,,,,,
1962-06-30,,,,,,
1962-07-31,,,,,,
1962-08-31,,,,,,
1962-09-30,,,,,,
1962-10-31,,,,,,
1962-11-30,,,,,,
1962-12-31,,,,,,
1963-01-31,,,,,,
1963-02-28,,,,,,
1963-03-31,,,,,,
1963-04-30,,,,,,
1963-05-31,,,,,,
1963-06-30,,,,,,
1963-07-31,,,,,,
1963-08-31,,,,,,
1963-09-30,,,,,,
1963-10-31,,,,,,
1963-11-30,,,,,,
1963-12-31,,,,,,
1964-01-31,,,,,,
1964-02-29,,,,,,
1964-03-31,,,,,,
1964-04-30,,,,,,
1964-05-31,,,,,,
1964-06-30,,,,,,
1964-07-31,,,,,,
1964-08-31,,,,,,
1964-09-30,,,,,,
1964-10-31,,,,,,
1964-11-30,,,,,,
1964-12-31,,,,,,
1965-01-31,,,,,,
1965-02-28,,,,,,
1965-03-31,,,,,,
1965-04-30,,,,,,
1965-05-31,,,,,,
1965-06-30,0.212911202882673,0.2813575104475675,0.38415169171523156,0.6982266374134191,0.7473898242019745,0.7885562231837946
1965-07-31,0.2119964367967347,0.28961147385046854,0.39530116894776146,0.6835341036702639,0.7337549495175412,0.7714692095883287
1965-08-31,0.20905278483184114,0.28465043462791917,0.3729285561645321,0.6004582121228972,0.6796424688951076,0.7550412119455946
1965-09-30,0.20539370424520365,0.2880560793478742,0.39976404818192307,0.6766804446127573,0.7231920773311693,0.7684877773387288
1965-10-31,0.20634381392856738,0.2913924798158202,0.407280160025612,0.7009476336852285,0.7415060450416369,0.7434986032233485
1965-11-30,0.2121069761401385,0.29424835495408697,0.39841377657727134,0.68891626196688,0.746317521526391,0.7677473392651064
1965-12-31,0.1621852566321915,0.24620261874294846,0.32139792544121454,0.5391389458097672,0.7510857385874669,0.7765323203757941
1966-01-31,0.1713139972657559,0.25197205650282906,0.32878531836419067,0.5444428068548685,0.7529645682128505,0.77121192715043
1966-02-28,0.18079764718193486,0.27488148974574245,0.36693476838945877,0.7714455710280148,0.8035166034356864,0.9023150233075679
1966-03-31,0.2035855625834312,0.3483509911435077,0.7062519852971005,0.8246808093416717,1.126915535814284,1.4714952239549868
1966-04-30,0.3051714091658545,0.7349542955286879,1.07192057326849,1.4512482445801556,2.0434966167791515,12.521323578400974
1966-05-31,0.3105607408674117,0.8068238538929281,1.1071030550453795,1.5645110772852788,2.163423157768367,13.73088245086739
1966-06-30,0.17154919533695662,0.7555242650569225,1.1431193918535305,1.5222960291762966,1.843972081447792,7.831513356472211
1966-07-31,0.16961155950990578,0.8121787851649058,1.1818344110445271,1.5270314754562944,1.8749641317669319,7.741592163736831
1966-08-31,0.21019331912529307,0.9187914636241418,1.2963435796612996,1.738259151410387,2.0332922323597327,7.513177065845547
1966-09-30,0.24639664940628636,0.950177618452119,1.3664821382465995,1.787577088355925,2.917173123488779,8.671529552654729
1966-10-31,0.22275510784692912,0.9390920023466875,1.3229740095165128,1.733530084003621,2.9200904473227904,8.456534615275405
1966-11-30,0.2876900092166491,0.9416017123913137,1.328477169591088,1.7560655749485699,3.0499497379025,7.021011458385537
1966-12-31,0.434419769387416,0.968474937332261,1.3642026727845917,1.8888447386490894,3.411630031856518,6.212366129021683
1967-01-31,0.3804748578654181,0.9336938288078018,1.1922084185116326,1.827217263019017,3.329349419695995,5.700887972522575
1967-02-28,0.33252418158620967,0.9027524691061382,1.1931234873179137,1.7618899732089568,2.991885628423996,5.539602730824474
1967-03-31,0.3670200560685333,0.859043644322302,1.2355171773803109,1.685441987377927,2.7352950455547087,5.423214862663072
1967-04-30,0.3390269312027233,0.8047741255123447,1.1362144218924086,1.6423783497687925,2.709622744427247,4.993064836583213
1967-05-31,0.3511850175656329,0.8647966928064048,1.2080030794151506,1.6458311926535256,2.7610336725356635,5.204833072177749
1967-06-30,0.3337383594682104,0.5029586982260785,0.6641348943230064,0.8136892973910022,1.2190045781165686,2.4030279678220543
1967-07-31,0.3224301827065113,0.4897492922070498,0.6613370894459968,0.78678830541815,1.2012415776052472,2.4352833565388003
1967-08-31,0.299691433076513,0.5018237073605293,0.6555850907415529,0.805866179037908,1.1574066868415094,2.175887784968222
1967-09-30,0.1653275815844838,0.47174679363382716,0.6167503132260542,0.7689248041937208,1.0164082874327234,2.0741985622589807
1967-10-31,0.17142431648681627,0.501883989120201,0.661171261398312,0.8027418687220249,1.0922070343295347,2.3027259736240198
1967-11-30,0.13016721198398742,0.4771076738444351,0.6225551158293697,0.7806676509103894,1.0730158350096097,2.2766736313398037
1967-12-31,0.11045072548201491,0.46297795722975416,0.6091286466838899,0.796235074462947,1.1725946780132628,3.1914098119215826
1968-01-31,0.09820152390630146,0.45698727074182055,0.6316645371266448,0.7883157841132247,1.2608470549378927,3.8562603155498154
1968-02-29,0.08211691036666846,0.4852875417493591,0.6416057853458864,0.8196698885320788,1.4631838396830754,4.382813053661196
1968-03-31,0.08230524194588404,0.5163964029733669,0.6893214525439136,0.9240133344877897,1.6521862281997055,5.120894470421499
1968-04-30,0.07821441200797154,0.5209631523291424,0.6789266821023763,0.9412091855676092,1.8293515895336383,4.593076288451336
1968-05-31,0.07219322003766057,0.5184512822057336,0.7139067312994284,0.9749500976111695,1.8613569135212733,4.421435253553069
1968-06-30,0.4318781829202804,0.7985690771065336,1.2070123183709183,1.6842625980826211,2.472231570145074,4.179974983610928
1968-07-31,0.44739902736899617,0.8222251925897995,1.2518700402057998,1.8414254543183197,2.8139801129561386,5.003069432789716
1968-08-31,0.4198016060276793,0.7981873584901399,1.2254326614596431,1.750432034103972,2.7224902041969834,4.941742256710344
1968-09-30,0.36986766853912223,0.7520726789599583,1.1528643660631201,1.6712221341632012,2.5792604556899192,4.701793748102432
1968-10-31,0.39050841473613135,0.7985855528934265,1.149727536085718,1.690052876365281,2.489422949946185,4.621373027924404
1968-11-30,0.3773293148483995,0.7392844008063062,1.0793131899884545,1.6227961808559634,2.372292295129352,4.468910660690584
1968-12-31,0.38062451167789685,0.7379652671238718,1.0995554585309657,1.5470625593679825,2.3477966780613126,4.29777347971108
1969-01-31,0.3957023177432291,0.7489663538812819,1.136962318732384,1.5965086415327987,2.406307740643471,4.305101984969231
1969-02-28,0.418697929467423,0.8170402758925113,1.2205000505814856,1.7335234313784202,2.6951807136265384,4.849708333972427
1969-03-31,0.3938858241634333,0.8324543756383187,1.1965560013075223,1.7885052234268695,2.7245453829727793,5.126201981202527
1969-04-30,0.3847565773550934,0.7879845881943707,1.1856177423868126,1.776486787929237,2.7971036444758255,5.615460406249757
1969-05-31,0.3752532811849606,0.8149378060784086,1.1863313724585538,1.7846000446050492,2.7447399470870493,5.62946737789729
1969-06-30,0.46773382354948945,1.062851391634408,1.6538924348928923,2.5205113705286912,3.9183160135034467,8.06268289293883
1969-07-31,0.5237500679647028,1.1411602907999912,1.8119163813076913,2.875902055196013,4.524986666150606,9.213093595380546
1969-08-31,0.49962607554531957,1.1280556653580862,1.7692793640580577,2.718747349454236,4.433966305848222,9.33028875806589
1969-09-30,0.514445968030678,1.1534288851251175,1.8497106264691232,2.8813726568518963,4.716136519153432,9.718063408823422
1969-10-31,0.424165638032457,1.0735399138192248,1.741132690510357,2.6248747512283686,4.403038709739525,9.002462310422974
1969-11-30,0.4486032827846788,1.137620043100921,1.8131658559739545,2.8517890734164135,4.734096833347253,9.903758018798825
1969-12-31,0.45742370611411837,1.1686620881338305,1.9089185633673074,3.0104173053363095,4.97173085852345,10.881710429576055
1970-01-31,0.4620448496744383,1.2506320708026664,2.0445381655004553,3.29287473093027,5.4680628964689255,11.438227794962456
1970-02-28,0.4477574544653049,1.202400224392045,1.9463365004876705,3.2018360522043747,5.367790265869817,10.956762296831727
1970-03-31,0.4267402921236219,1.1923257447664664,2.020887481049845,3.3206193547024845,5.524412277964702,11.187591090845986
1970-04-30,0.5371402985855379,1.3479186289866187,2.365325180437566,3.989777469947573,6.635935235688695,13.31392530398895
1970-05-31,0.581998929747646,1.493781859935596,2.6018067202827035,4.44640552631815,7.12638139781369,14.936443647644815
1970-06-30,0.7993390165552541,1.7950545759535599,3.126870259352569,5.338749141880531,8.935749339349414,17.402634259867373
1970-07-31,0.7462983654682871,1.6692714521924044,2.911102732433024,5.07289109892964,8.328529084478376,15.848884800329648
1970-08-31,0.7646898198514092,1.631062485176722,2.799629736804672,4.859609957865012,7.849119883513101,15.19315785578321
1970-09-30,0.7537134435038817,1.546702723485893,2.6270617675515044,4.4671380761885775,7.049302429765391,13.233329568642889
1970-10-31,0.7975459721612469,1.610348668563909,2.7426410140861006,4.637858787282027,7.595366332519849,13.975698950779684
1970-11-30,0.7740416616832226,1.5328868812560315,2.6760420311701125,4.573211932235151,7.739764810589781,14.694014752470135
1970-12-31,0.7346623932782631,1.5168311638835958,2.470000409885458,4.235206868928011,7.053160825929955,13.811668272214991
1971-01-31,0.7055826792545031,1.4383879133095285,2.281419741841131,3.898724154363483,6.267633105234594,11.739448690521243
1971-02-28,0.7201501805003601,1.4425892895300696,2.279048593922683,3.742640081083495,5.982556725624272,11.172223611963144
1971-03-31,0.7527510632756943,1.4080754529835502,2.19469026726367,3.634087785406492,5.599630992237153,10.32877692760732
1971-04-30,0.7387593731525985,1.4035285665561872,2.138512490622695,3.480197220000809,5.502909140324907,10.097950976097767
1971-05-31,0.7677529523749259,1.4234556781030883,2.249261461581853,3.7724333217329526,5.907413237487284,10.759787862519945
1971-06-30,0.8211959784284214,1.5696548557807097,2.5734629415428802,4.094835391732078,6.542253675631722,12.50218100144598
1971-07-31,0.9114474374355146,1.6390907553459773,2.801948407712307,4.395928281246231,7.297574961433917,13.916418614726657
1971-08-31,0.8707264468110777,1.5724634264442099,2.6751999123149397,4.220085249416379,6.687720298459887,13.676362085431752
1971-09-30,0.8613551453219869,1.5796856790593519,2.649437323284698,4.2077114426805515,6.696684878742823,13.925664423805888
1971-10-31,0.8786049706127821,1.6514114575865424,2.820463470160207,4.608492933158129,7.5621354462604335,15.266926070796131
1971-11-30,0.8863806574797563,1.6712689823950875,2.9217839337838543,4.768678694340315,7.912850916119197,16.421877620313996
1971-12-31,0.748621964974031,1.4904404250961396,2.574085856160506,4.100593858160867,6.905238747052826,14.440484703239742
1972-01-31,0.7005499376523974,1.4239783906560033,2.430123196565656,3.8481050095396996,6.475812857878214,12.853506442908786
1972-02-29,0.6644786181659313,1.4107763254292212,2.3808610475767433,3.7367592516111077,6.101867732671771,12.604911375912176
1972-03-31,0.654780751403668,1.425608933565299,2.379167023421698,3.8614182677471667,6.3195123195527625,12.472455031259125
1972-04-30,0.6449796235004815,1.4083177530578388,2.330127772708411,3.7797350701633383,6.41828515644824,12.700761223541154
1972-05-31,0.6384331909467753,1.413071238699088,2.4120973188737556,3.978590266202933,6.670228906594813,13.328578638320224
1972-06-30,0.7016888725547956,1.4524861804311255,2.4475727093245405,4.010309010878794,6.602562124199429,12.858147596889248
1972-07-31,0.711855148522003,1.4673336056710513,2.5881223222652503,4.166416923499251,7.002900539772924,13.297079738681875
1972-08-31,0.7143113536801035,1.4341303970904014,2.557770447703337,4.088177107043682,7.047968419426015,13.502558877395042
1972-09-30,0.716119635315729,1.4775037584279533,2.665368029932207,4.2686363292589915,7.350711543577758,14.32780197945526
1972-10-31,0.7104232252961993,1.449191057315464,2.6357212764567963,4.344664292490308,7.444154902261014,14.717444155384054
1972-11-30,0.6950665652796687,1.4248221454055243,2.4814501694532978,4.148173803102828,7.094671580701806,13.775555928271928
1972-12-31,0.662796720458392,1.3931119468262838,2.4441545206617983,4.293026805529768,7.101230809331737,13.399836525417708
1973-01-31,0.694741668882207,1.4844951585611776,2.594617848252159,4.445389154725631,7.231916787563917,14.020181698121917
1973-02-28,0.7261512571509873,1.5913595446080604,2.862154670011139,5.0014029537336135,7.992496465235417,15.229543650925452
1973-03-31,0.7386899037046687,1.577087635128003,2.9970702121753288,5.118088485958422,7.926301106671105,16.618937753669503
1973-04-30,0.7888912092677021,1.733227980132139,3.2715984608495168,5.465471311941056,8.686100507367327,17.621010903758272
1973-05-31,0.8405785611146136,1.8545068282318338,3.6421534969417433,6.132626377419826,9.760526226529755,20.09280551597195
1973-06-30,0.7005887421362743,1.7021979278307426,3.0726555913728797,5.367372826573525,8.808972303785591,17.018836567367078
1973-07-31,0.6824623744168333,1.5994316809565388,2.822962480938046,4.939161146543685,7.855389438593377,15.518453147785985
1973-08-31,0.6609079035870347,1.5873811833686424,2.904040735202512,5.069542884418924,8.4299733546811,16.22516886893418
1973-09-30,0.6070091328220802,1.4876710323024858,2.6180048282216983,4.491369699643686,7.676996689282753,14.694943968586841
1973-10-31,0.5964406018148036,1.4515947352614067,2.6461928425652332,4.6577404316202475,7.565202671730462,15.147997152738585
1973-11-30,0.6608984271683135,1.744230571157374,3.276249822619224,5.886915021251369,9.748478457817663,19.258463401730335
1973-12-31,0.587633203441291,1.7145145709809686,3.3308522687833735,6.128982594616433,10.20969799738532,21.673255321049446
1974-01-31,0.5751463600283385,1.6226486939736853,3.045678858197392,5.431906922998426,9.032591621380345,17.93154889220438
1974-02-28,0.5975520723337021,1.6509270390547373,3.0952375557137572,5.439295598626212,9.214712554079068,18.360720803965705
1974-03-31,0.6350144495757055,1.7052337150776529,3.131416102779508,5.578382181902503,9.093968207054967,17.829629358549216
1974-04-30,0.6809959663832392,1.8421895478745118,3.3563605502735783,5.870601820489952,9.706634492930968,18.85754278531051
1974-05-31,0.7076148107558922,1.9769504834552545,3.65710104058644,6.342401448332814,10.492520411563728,21.044169934632222
1974-06-30,0.5742499918144827,2.14615910952084,3.9719534129257683,6.754146536560658,11.038469013291158,21.63725661917405
1974-07-31,0.6336164896380037,2.3055055369265065,4.215268297409171,7.10099973498525,11.57310055584308,22.455846156685496
1974-08-31,0.6875866817616051,2.5292090126244795,4.724050299821868,7.645786156557574,12.61798009763376,24.85548871324232
1974-09-30,0.6750045055114603,2.8125409918053363,5.201540011971797,8.494700635383264,13.937887789659005,27.49777568979982
1974-10-31,0.5093681877933314,2.4322503920484753,4.720899785320934,7.95149095349971,13.127125987426165,26.359226691187246
1974-11-30,0.5380031955674472,2.511982409244185,5.0006738066156915,8.516562925111954,14.280990400131682,28.01214082351048
1974-12-31,0.3872244911386979,2.563058622955736,5.467480030564878,9.349313356241568,16.449600420226073,33.76681288861809
1975-01-31,0.3580148101306919,2.149996005748543,4.393256343111762,7.28389520695955,12.263277710398706,24.766153248806674
1975-02-28,0.27464894461371475,2.0235086508399616,4.113257078772911,6.943556395459313,11.906859319180318,23.579962661305682
1975-03-31,0.30704988417236584,1.977409449490812,3.9847919635706974,6.672035881956549,11.339390574389702,22.256749188279827
1975-04-30,0.2840459472389491,1.8912895644126995,3.869379587860162,6.358220397313929,11.059284083894763,21.86039687023781
1975-05-31,0.3347960999198084,1.7564528791766827,3.617366980174041,6.0670403052441175,10.570258870825354,21.157186454401536
1975-06-30,0.5816130496666986,2.2619364274207796,4.202607458999811,6.7289855322287435,10.830914561375128,21.265815311042534
1975-07-31,0.6226099634324908,2.3489319186357784,4.385404504881859,6.945074001509852,11.10136213336793,21.24365725080936
1975-08-31,0.6913908204040913,2.4636083023981006,4.682940430494609,7.264433247982655,11.747892089662058,22.794310644067703
1975-09-30,0.7742613270890458,2.576453618351393,4.876452389348037,7.614081726214362,12.342223714769228,23.821631580998016
1975-10-31,0.8018347071219935,2.5270621323127465,4.769559206695132,7.6539824621559776,12.272223005835588,24.323322543344766
1975-11-30,0.7727555285042771,2.4699340786353536,4.73209476605941,7.303469749693741,12.124090252122487,24.50924797577905
1975-12-31,0.9020365751180759,2.6112364745885226,4.87507259516735,7.567328813502113,12.334287115034016,24.250714637766453
1976-01-31,0.8073560735278622,2.329914547851686,4.252797818346974,6.471739067927932,10.48225857612225,22.40076436331388
1976-02-29,0.8126158108537926,2.2426940805931634,3.9364703614190257,5.804551473417594,9.312247984788598,18.0720687673099
1976-03-31,0.8711032939516998,2.2688350994896256,3.8996248679534995,5.788149755066401,9.192368280528276,18.4516533781773
1976-04-30,0.8722720116057919,2.310548281173596,3.9094695783056728,5.90529770310151,9.309657162224799,18.29140383024535
1976-05-31,0.9055594310790112,2.355979959936942,3.9990803145144986,5.997310267177263,9.703490325370336,19.066187676053776
1976-06-30,0.9903859266205167,2.4429629611268378,4.039607379998575,5.972575188156176,9.381783275853026,18.524343231184115
1976-07-31,0.9924527035452175,2.449857159494166,4.022653266287796,6.077204885708701,9.600090820847669,18.502508425954474
1976-08-31,1.0837404352570283,2.492568334170266,4.182093066704906,6.466424741284348,10.833209983649104,24.138220403882645
1976-09-30,1.0501973419532027,2.4336236753150886,4.025278098513591,6.171006456000567,9.691814657155229,19.192342087364754
1976-10-31,1.0899292657012396,2.5120299359385783,4.131765946424297,6.423717305084579,10.331170414943312,20.120599055695756
1976-11-30,1.1178914977704344,2.4621699277805362,4.010569067011901,6.203307438754988,10.131819451251713,20.000072068725526
1976-12-31,1.0784365743251976,2.3612813486900333,3.810525709781951,5.894724385644951,9.306937246181432,18.206166799059165
1977-01-31,1.1243481572885903,2.349773590187776,3.817361782408822,5.726050593351042,9.080655392997175,17.582577288423952
1977-02-28,1.1549710863650056,2.3775568345870726,3.8341504714368835,5.815912068534915,9.156001929391186,17.328400985273134
1977-03-31,1.1536475984544965,2.4057493284964133,3.8165591672537738,5.801056333291018,9.105427467371438,17.47181577221561
1977-04-30,1.138684143201206,2.3602991086592944,3.755643604817243,5.749064289206355,8.935635508883564,17.133257872330574
1977-05-31,1.125658769134401,2.3641862514317733,3.781132633195562,5.678351855227759,9.030649958351258,16.978359071212832
1977-06-30,1.3706756515193903,2.577691877395547,4.032524468133783,5.825889359217803,8.86318412017416,17.14650075780362
1977-07-31,1.398959188109551,2.575409782666055,4.055136140162888,5.807303789160666,8.863908707690483,16.98465868461307
1977-08-31,1.400759297935823,2.6717444826071914,4.109161693350505,5.959724844112019,9.172828472858614,17.590300386436063
1977-09-30,1.4501466311532871,2.619092510327923,4.060531774515707,5.97248553246522,9.224400829332396,17.34686387757494
1977-10-31,1.5222614212527386,2.7491919424385864,4.256302408849352,6.151125276885483,9.732356373598975,18.268352288057024
1977-11-30,1.4737570228535561,2.6359955337318577,3.973428278780058,5.800857545063008,9.094176728147461,17.19741095675101
1977-12-31,1.4807741747191767,2.6555615998379185,4.0431536045473475,5.798927178831256,8.801901770881274,17.18573846721466
1978-01-31,1.5731520051058179,2.796613326329602,4.204367133117252,5.957196696911011,9.065592113649576,17.63551084076171
1978-02-28,1.5842792064657836,2.77766408117858,4.124346519101779,5.876241604726686,8.7431832542227,17.059824282194548
1978-03-31,1.5175676710786985,2.6446639199583397,3.929118928686617,5.622052025042013,8.607589142874566,16.169046022322
1978-04-30,1.4318690788861783,2.4989947829488637,3.6748126811113506,5.283065289024506,7.917672783304121,15.174549321779853
1978-05-31,1.3803202179407965,2.354604208079524,3.539209013682915,5.021778544354287,7.518824617802475,14.459635805748855
1978-06-30,1.6397260494218842,2.694222655544476,3.874448253633688,5.406641273381275,7.911429165916688,14.635184910394926
1978-07-31,1.573689881027185,2.564688615731842,3.7590487808072437,5.2618687410917335,7.7665469245836,13.99861631933722
1978-08-31,1.486208301744821,2.45724509672119,3.5290389086236207,4.954299827948144,7.297789232887557,13.135989275366983
1978-09-30,1.5214157785642897,2.5049953827871705,3.6305195058409736,5.073261309473577,7.383419494214236,13.12939068240433
1978-10-31,1.8647483307017758,3.103466669422316,4.568633485983592,6.447502409633616,9.512800617254356,17.043502933028726
1978-11-30,1.802275776364809,2.954581619710197,4.346808925469452,6.2078516116874844,9.193491156657565,16.39834031681284
1978-12-31,1.796979707797978,2.970758460852968,4.362311299945064,6.313190469719617,9.231735438766446,16.37614307853608
1979-01-31,1.6878188433683028,2.735965031873271,3.9977796711290012,5.727019382348557,8.42071131336772,14.832282331433017
1979-02-28,1.7185880358823693,2.8492555652868257,4.190566193958786,5.985125241884195,8.712443357848167,15.290412084251582
1979-03-31,1.6240928151789045,2.703914584837585,3.9970695539488093,5.669345898470735,8.182285859017453,14.672959194540663
1979-04-30,1.6371544222697336,2.6691451124961114,3.901684502845831,5.513929867372109,8.062695394810532,14.252424173800739
1979-05-31,1.6881458739905357,2.784846461989637,4.010597077208673,5.740046684338722,8.44150031333364,15.109406911989412
1979-06-30,1.7671364953656798,2.942876404105366,4.154192921867646,5.858414048609305,8.52606580764419,14.831388039636568
1979-07-31,1.7201802218072242,2.850101764467189,4.052124596602948,5.745478331864533,8.405850286905807,14.976572851770726
1979-08-31,1.5818322514058951,2.672775923275857,3.8069779299857047,5.310780603243808,7.890010180734376,13.897782322924654
1979-09-30,1.6038804615640456,2.7254566425479374,3.942921841577955,5.537687677873992,8.25071140963993,14.793282530866232
1979-10-31,1.7580659575168605,3.0072997091370124,4.392786030388062,6.213694408113668,9.465168912588114,16.757994310482516
1979-11-30,1.6586861570009483,2.8174793187880827,4.1490140922282235,5.914086191595661,8.882712356763653,15.998293943227955
1979-12-31,1.5855712259191765,2.766762359368917,3.9972548461208026,5.741271924250561,8.724063923346899,15.26700913557286
1980-01-31,1.4977781005707023,2.6012006126470655,3.686430878263671,5.34105103581057,8.083247350065603,14.510806924197201
1980-02-29,1.543532122667325,2.6496597129893353,3.841949002051807,5.523096794834365,8.426450187400947,14.907675433534214
1980-03-31,1.8646056074248474,3.229370116546212,4.670230587345092,6.8685844147972706,10.388687755137873,18.43213676962781
1980-04-30,1.737287667601073,3.041154359766622,4.487517854585782,6.607771176562939,10.125959538622105,17.771077383546178
1980-05-31,1.6104427832244228,2.8790100286306544,4.175307405288306,6.093097532528007,9.33844921530261,16.80613855299528
1980-06-30,1.7727931154495182,3.1550776879560685,4.528158386854273,6.519163207276747,9.733755229427638,17.27945983532803
1980-07-31,1.5530571584240038,2.8848324613281013,4.204917051599011,6.0014989297061145,9.138810952288742,16.24856881149514
1980-08-31,1.509959055180976,2.7662882535805795,4.06038650437574,5.851977079781919,8.70178138200326,15.6772790424128
1980-09-30,1.4635423671200718,2.7119107907769786,4.039279794383121,5.716553231862118,8.5668565028079,15.419856010562816
1980-10-31,1.3763395810515362,2.658596427942182,3.967829809231622,5.636532984175632,8.475933212382689,15.251116209895981
1980-11-30,1.2523571333086392,2.5071874022176677,3.7036748985320704,5.425097018022911,8.275623330204338,15.103631515054866
1980-12-31,1.3285997213546314,2.6145204567180613,3.9481226372729172,5.65541786138272,8.793055586319245,15.558081174809077
1981-01-31,1.3839687566125223,2.6660948535835955,3.938920230059591,5.587715457311458,8.58398932322037,15.096265442181364
1981-02-28,1.3629929257537252,2.640844369037575,3.900312878142971,5.611179190139135,8.541704750140484,15.071471001356118
1981-03-31,1.2549393285213235,2.5200993130719076,3.674681642142091,5.327509258938557,7.941605933976697,14.678655187130397
1981-04-30,1.2656566562289877,2.442601461650275,3.600421679622289,5.276849306037318,7.83673255871338,14.259875509071145
1981-05-31,1.2156594869639301,2.4006690374312116,3.5653361518515725,5.124291116154998,7.796394746051622,13.911950960567022
1981-06-30,1.4071549442229165,2.6641237692458914,3.894130519679075,5.597926044992596,8.268001958740717,14.326616345348508
1981-07-31,1.4467969984466018,2.7564197329330287,4.010275522741864,5.795657395128106,8.564222280496368,14.74746635717392
1981-08-31,1.5652158088237502,2.9971695312733715,4.321614327346906,6.187727343630559,9.270897805570614,15.897613859958897
1981-09-30,1.6505816150330004,3.2273821140450627,4.666234021351482,6.713451147436488,10.24779592044068,17.950138986009854
1981-10-31,1.480637250686044,2.9596169483787294,4.39736458225814,6.328293800975635,9.54737311854853,16.645608809111575
1981-11-30,1.4332609805048564,2.8801937963680366,4.282747771761677,6.206569759617776,9.430523472677283,16.655954564460448
1981-12-31,1.4412304489507728,2.8947375970759874,4.322192901886854,6.20770572234149,9.636253843203786,17.385438466109747
1982-01-31,1.5326035757867535,2.988382776937852,4.437007823769237,6.408172340482078,9.674688148568334,17.647392204836997
1982-02-28,1.6321463451699592,3.095420333253958,4.590910912245505,6.573754635656052,10.066586387445511,17.980985091561184
1982-03-31,1.6011085861758032,3.1291399617191726,4.698230778932157,6.738563071731479,10.26945407322748,18.18092934933098
1982-04-30,1.4924981144177152,2.958834835242566,4.4294484260241465,6.488509714381248,9.787911715023084,17.76942857860339
1982-05-31,1.5369100392571116,3.0783970710935584,4.5601674723738155,6.569268635348844,10.109657771792339,17.803805583160937
1982-06-30,1.528914380768701,3.181997663278417,4.798351918486073,7.00735933960516,10.488898667861255,18.179817547147124
1982-07-31,1.542532116251571,3.239928604688781,4.937443939726358,7.137594797332379,10.780084209100913,18.612108374378025
1982-08-31,1.426699443362462,2.984985786869913,4.558821656078358,6.591713465804586,10.083297525864994,17.73774159494152
1982-09-30,1.3534879636834831,2.8711967383265278,4.375306260315661,6.387628613495931,9.682170438918403,17.064355755743673
1982-10-31,1.1805446251767084,2.564576556904411,3.867963341539068,5.612837661527855,8.753390234780301,15.589633300824365
1982-11-30,1.0942681943691182,2.4047461250924447,3.649000985628566,5.216289355954812,8.06219780682989,14.490775002105753
1982-12-31,1.0288842061525303,2.297491950726313,3.5259255064061623,5.090259603788794,7.898784847389494,14.257935601712155
1983-01-31,0.9211204892346717,2.1197509524383222,3.288345592905362,4.765921425117712,7.275464315495425,13.01042227956821
1983-02-28,0.8754269179683852,2.0301389656564397,3.1884225871588137,4.582289253001305,6.963404597560583,12.226731209752767
1983-03-31,0.8216458216396662,1.9542951456227697,2.9710511960135304,4.291975048373749,6.431178187767551,11.563633626054477
1983-04-30,0.7597391254527825,1.8299386469111107,2.8028604441069955,3.9984515770330606,6.019629669117507,11.073324770225744
1983-05-31,0.6982416819770846,1.6818930815197959,2.66181505687268,3.7801601866034407,5.545427953429928,9.869835269768041
1983-06-30,0.6643946472665779,1.638783324459138,2.597105713831206,3.727063772498863,5.346002775064635,9.102453945480903
1983-07-31,0.7253751748097571,1.708138896444509,2.6602680581386577,3.770409685877043,5.474769973332798,9.338295847032397
1983-08-31,0.7797594365540673,1.8054441734348854,2.7344760721460615,3.8864963225004274,5.696525862267548,9.865973967732534
1983-09-30,0.766361840392294,1.7511290055432207,2.7111016590623005,3.8346837952042274,5.569862900529349,9.837848174590734
1983-10-31,0.8439357782128406,1.8557090171798813,2.8573740330957413,4.035252653393315,5.900208404722354,10.4317492851277
1983-11-30,0.8298654576780405,1.8305158927803964,2.7736325670124624,3.893885912969591,5.698693152388351,10.084348168716422
1983-12-31,0.8280642801637328,1.8447866389760315,2.774814332559146,3.8907219445577463,5.796276761900218,10.239866304336331
1984-01-31,0.8640289419505292,1.8896605349897042,2.842118565478299,3.9080105499802076,5.69244230714987,9.742782901384473
1984-02-29,0.9390677637911938,2.0405778553876766,3.0359194868527615,4.194383753995537,5.995933463805371,10.314434381861846
1984-03-31,0.903424122028665,1.974899801847987,2.9760072825979793,4.1744297957103935,5.968008027711358,10.213073076296642
1984-04-30,0.9218644819616096,2.0269514981312717,3.0031653000501675,4.207082305446803,6.137768652506701,10.379459864265074
1984-05-31,1.0013322526736534,2.135585618241417,3.1826150738073156,4.496369735667643,6.527572478373996,11.104228503348763
1984-06-30,0.7906596088014279,2.0141123137925394,3.0534149943629423,4.256931639916031,6.186803843415403,10.48158218731759
1984-07-31,0.8474869654649309,2.13853671102433,3.182108377709792,4.470960966562163,6.463469992547802,11.346242973707668
1984-08-31,0.7694607196376279,1.9646420855328408,2.897552152838116,4.0730636575091435,5.982438789473057,10.413954057306823
1984-09-30,0.7754216090531512,1.9940966433425382,2.935010716170486,4.099877390295021,5.9763424619144025,10.554728142491621
1984-10-31,0.7841944694652515,2.0225271059426437,2.92461636763338,4.141846626989163,6.118714023553147,10.799441667793436
1984-11-30,0.8289987468343831,2.053869888654307,3.067505580137935,4.229436478862073,6.396071718746358,11.745356230716101
1984-12-31,0.8554067853569137,2.0415918204392685,3.0423892164582127,4.284413868803439,6.486338518422608,11.891149067120107
1985-01-31,0.7563485292280786,1.8438950838958377,2.7443998530724403,3.834968180104919,5.796060452161083,10.42824077058424
1985-02-28,0.7278528728131483,1.7882004265444564,2.674913192337702,3.754058512821846,5.678626257553545,10.085156747023127
1985-03-31,0.720831363456688,1.8138274222850952,2.7019330731176048,3.8232817384779394,5.701089517561631,10.335382045311109
1985-04-30,0.7717442159804212,1.8796965898063012,2.7646781209031586,3.9261500921610213,5.85390200250883,10.75443920028144
1985-05-31,0.6882966287268834,1.785697039909957,2.6485032626035387,3.776638447282473,5.75165386851402,10.497674950245488
1985-06-30,0.7182688294769576,1.827656118743046,2.7218855249673624,3.936867652621604,5.909418658056796,10.566513679111168
1985-07-31,0.7514409209563455,1.813914627791019,2.705760966437352,3.858724906511207,5.920977683762248,10.818043381612414
1985-08-31,0.758164951503009,1.8092328380007623,2.727985447560937,3.9220933492870467,6.040225633131666,11.197228980083318
1985-09-30,0.8135316808889681,1.9196753320772328,2.8969387452472937,4.212095910095242,6.277868788794028,12.04617405594168
1985-10-31,0.7847709677093948,1.8613685384353877,2.819402142618115,4.056808477624345,6.254134304221541,12.179426381277057
1985-11-30,0.7468483538271453,1.7574680606091464,2.6293298108752214,3.881804822540429,5.988339148755124,11.785435685964503
1985-12-31,0.6719239402063374,1.6647328951305493,2.507566458283962,3.6661530338653296,5.739047950214172,11.329132570283127
1986-01-31,0.6819885710386174,1.640381495972503,2.442305925464038,3.597320758656821,5.616305729745207,11.05247063131629
1986-02-28,0.6698595320482039,1.5406599304345847,2.3009868986183646,3.4129316372055336,5.412616066157464,10.515399017585082
1986-03-31,0.5673227814676339,1.4574307195261695,2.189466434606676,3.2490900682014514,5.053602803982787,10.305474602349523
1986-04-30,0.5566683427800236,1.426351095652783,2.1521111793584695,3.2958336484320925,5.0829066573866015,10.647188737812394
1986-05-31,0.51703100503444,1.3851294098548936,2.094929750670513,3.1637975277814223,4.8740026089757125,10.260237743139518
1986-06-30,0.5124956572983196,1.3856183286028485,2.0709679880847203,3.0257443209613175,4.68148914918891,9.55181329373488
1986-07-31,0.5755206929161656,1.4973919250755383,2.284810260175662,3.322576430961122,5.192558358904879,10.290168264143293
1986-08-31,0.5748211238234475,1.434776441585534,2.20589180829721,3.249379364012011,5.078611547497713,10.099148186444934
1986-09-30,0.5856517814156544,1.5368489102758593,2.359657813702242,3.4353310635235235,5.331066158746396,10.669501347174112
1986-10-31,0.5564809942922886,1.4844626993773224,2.3006638411975886,3.3367947336334405,5.232077302434328,10.393741265273304
1986-11-30,0.5714487667686232,1.4699280429849684,2.274127416527706,3.3126809789420024,5.287773032779025,10.254741795537443
1986-12-31,0.5855389813823857,1.512273700470027,2.3353957597633874,3.448311585712177,5.417577156519408,10.848602266689957
1987-01-31,0.5196573113712489,1.362518937598801,2.1340346353551656,3.1405479535596026,4.955759552230699,9.87597569745688
1987-02-28,0.48761381761520806,1.2920080158816465,1.9961093917277895,2.9538394683267497,4.627984416157888,9.612865831670568
1987-03-31,0.462969005987764,1.265282019500027,1.94709365720311,2.872239077204088,4.47503902292441,9.215327011110658
1987-04-30,0.47554098352213664,1.3095805373400773,1.9973792819334566,2.974864888040328,4.682624812974743,9.51903189984333
1987-05-31,0.4611583900313945,1.3249301516586431,2.031183931908211,2.9501616378752025,4.668491854801574,9.494075823737205
1987-06-30,0.5529157069257806,1.3473856114693634,2.0561352219382902,2.8871725073758254,4.55800956814946,9.25801738011011
1987-07-31,0.5486267359634112,1.3313443755912626,2.008537744077924,2.8337431856924953,4.491505768990723,9.099011533096489
1987-08-31,0.5605709168805165,1.2970328767391393,1.9628583774785655,2.800478727758885,4.407388356168941,9.070301919797377
1987-09-30,0.5360367532031317,1.3026050873717647,1.990585865988443,2.8171946558865466,4.502301124421714,9.188164060715655
1987-10-31,0.7490044813301833,1.7918841876701601,2.79138919015665,4.064606510185354,6.705914983994108,13.681627271419936
1987-11-30,0.8059229993297389,1.9036111125070598,2.923595366395899,4.359952959613695,7.1709154455692925,15.269271820362045
1987-12-31,0.722500059276448,1.7903744304634546,2.7839223048618265,4.197157264278212,7.2739149858054715,15.596429881607381
1988-01-31,0.7509332292179437,1.752396325896747,2.6666200193357548,4.026382484440424,6.723976485484887,14.05919979244912
1988-02-29,0.6963613186159596,1.642735150002588,2.480391533208563,3.7835011344955216,6.221133032376041,13.312384499446077
1988-03-31,0.6835666597943483,1.6070464317005435,2.4132873648453446,3.6556161062459864,6.07434992788916,12.943857163883116
1988-04-30,0.6926765846524832,1.57230276267609,2.3791105213544443,3.649553988636729,6.093772153473864,12.645511449584134
1988-05-31,0.7076199805360528,1.615477038964965,2.433076685869644,3.7046869601375856,6.130694921531688,13.073598712272435
1988-06-30,0.7346547719390011,1.558284497366973,2.3749893853113857,3.6017715784849913,6.0555205125622615,13.134884933846756
1988-07-31,0.7499865350415011,1.5960218996850557,2.4145542689219903,3.5709262861750273,6.049033210508376,12.501227643941721
1988-08-31,0.7500044025693161,1.646208021729491,2.4737307072147883,3.6468191191418105,6.118672133412362,12.976597882843965
1988-09-30,0.7647588959807695,1.62229013239541,2.4255846010345747,3.6803412004511675,6.211521889401032,13.614959637376133
1988-10-31,0.8069963958906448,1.6285747288394377,2.476772410757353,3.7192768497124753,6.214416791124173,13.644991344564117
1988-11-30,0.8288166875231696,1.6965295025874525,2.583574773508304,3.926581872574123,6.648981639529113,14.312152144266046
1988-12-31,0.8160389946742197,1.6694226679031927,2.580274337150691,3.8442469429665698,6.556025039682314,14.75696384482165
1989-01-31,0.7771437232273455,1.5780265163515628,2.4740801216853074,3.6564566877278053,6.115992972839352,13.902185270235892
1989-02-28,0.7939798840634625,1.5931165298708014,2.4522558435240214,3.649784226800977,6.1006299262781765,13.84495115307412
1989-03-31,0.8069397012302624,1.6175124183245715,2.415403890971805,3.6164194735503554,6.072467009248445,13.911035447963966
1989-04-30,0.7535737045535235,1.5442879205364897,2.3483508518542435,3.5315278673287387,6.03716870979308,13.956099983848238
1989-05-31,0.7282626017436339,1.5210903374684996,2.2716984600044294,3.428976080046454,5.866360145862669,13.460427888036866
1989-06-30,0.7697278691443852,1.6057346221273285,2.4089157029071195,3.4501072444069405,5.813156905417059,13.36380895557928
1989-07-31,0.7501110435843512,1.533530643546752,2.3372416906037166,3.345337263769685,5.686679478742466,13.346379055350308
1989-08-31,0.747936677541689,1.497702446474145,2.293654120434052,3.2470134634671513,5.603123220776387,12.768451956477339
1989-09-30,0.7360720582942976,1.4677536061261265,2.3000742577784803,3.3225255885412497,5.6873071498310654,12.664575283609915
1989-10-31,0.7531317989634178,1.5444416988383036,2.414555648866297,3.52674958584082,6.076031470685256,13.66333207826965
1989-11-30,0.7556032310171041,1.5396602082457507,2.447530350950001,3.595868423768976,6.285735248921759,14.290837504591302
1989-12-31,0.7301951253131401,1.522356515048777,2.4456623012867773,3.6450502857758953,6.417900221174818,14.440257004641321
1990-01-31,0.7577680056150368,1.6365461224492313,2.630488027850571,3.944342525276393,6.953094167220875,15.53265080704007
1990-02-28,0.7580223461657866,1.6196581081224857,2.5933128519464623,3.8988783826008953,6.913777889186768,15.499834511173928
1990-03-31,0.6932563483069373,1.5575307924396986,2.4810515184538304,3.8100002136434186,6.617591446711151,15.459926878491247
1990-04-30,0.7278512832941124,1.6202662171723705,2.550559902776834,3.9379912941211463,6.772676733431019,15.114848688222057
1990-05-31,0.6661977738471802,1.5071898650205804,2.4102075828945826,3.715761102365733,6.529062821762137,15.113433381317236
1990-06-30,0.6806284482581672,1.556416041432352,2.4820992818095284,3.7038676628228497,6.51876799483853,14.82689652213718
1990-07-31,0.7063341037873242,1.5967560622738526,2.557004018262317,3.899985183608129,6.803729623039521,15.235108195747976
1990-08-31,0.795811739569568,1.7932111343779575,2.92786068523037,4.567981909132094,7.871357429601995,17.45138064028344
1990-09-30,0.8689586023333905,1.9113561968932469,3.288515069764344,5.17042638191706,8.777075697147907,19.954486280822792
1990-10-31,0.893076561920024,2.0319799266996275,3.491265786740402,5.585301217543883,9.692200625529983,21.90799325483748
1990-11-30,0.830297703030729,1.8929580952262055,3.202549548517034,5.245779264853843,9.27463266530324,21.46433793454353
1990-12-31,0.8067939627397495,1.8458156161515802,3.1280813256921958,5.164725024021853,9.295222289028377,22.47185525715373
1991-01-31,0.7588627902456065,1.7496973383154841,2.927898685694965,4.707197764003857,8.51329926230381,20.820612833770525
1991-02-28,0.6987333410210232,1.5758148062542214,2.6678363448959086,4.210042546949299,7.4048379661210175,17.599209014068222
1991-03-31,0.6493641970093662,1.4885733738295357,2.4976322417776196,3.9587761889915796,6.907411987278068,16.05773326384331
1991-04-30,0.6543981384855775,1.473099243184032,2.4513275247044204,3.8822409811545375,6.775511298822129,15.166615866278688
1991-05-31,0.620364982117713,1.4298768283323164,2.361159736003043,3.6991716179321896,6.537221544926315,15.312311489230677
1991-06-30,0.6779942814453215,1.5016870564558462,2.4579226397751395,3.7939273598036647,6.547186738454828,14.91110279991267
1991-07-31,0.6302741853312845,1.4412609467136253,2.361197034783122,3.6169976836981155,6.310972943736761,14.263412188648994
1991-08-31,0.6366447699018893,1.4271040067434508,2.330774943995238,3.5646836478466017,6.277365050618731,14.058082965140365
1991-09-30,0.6093434812193536,1.4013922163384327,2.3021027598816874,3.6111389179916062,6.261040823060629,14.466350919660927
1991-10-31,0.5879772627320025,1.4075239871061875,2.261614282376393,3.606317709538287,6.217671547154803,14.934828053170762
1991-11-30,0.6095521730639993,1.4550168902618594,2.3329917610567277,3.695281969825832,6.575474170145161,15.247067803973907
1991-12-31,0.5579832468253768,1.3622398161867617,2.2046875646587365,3.5211236942072834,6.396588397310994,15.70650784094727
1992-01-31,0.5374303322229163,1.2730804030285519,2.052364528294703,3.172512295506107,5.591033687636959,12.976847941202903
1992-02-29,0.5648446137804861,1.2595267081104657,2.021662177086776,3.071160827779349,5.2560207184265195,12.035371965899461
1992-03-31,0.5750921705283808,1.283367613518399,2.033061122335987,3.1396918453581217,5.270637812491477,11.706154722781056
1992-04-30,0.6207485642119501,1.3443618306733875,2.069952888556512,3.231092638701664,5.454467644771775,11.992372753448238
1992-05-31,0.5980378641073885,1.3089734643031623,2.0492339891418965,3.222875409156038,5.381564918038503,11.82767862742827
1992-06-30,0.6222968293835074,1.3777406276234159,2.1213908809174393,3.3273080194869658,5.714738165501124,12.239308847993279
1992-07-31,0.6212700373911308,1.3287871229766015,2.081111211766835,3.215723791857912,5.409579429849236,12.053011910488863
1992-08-31,0.6373493277681452,1.3561656457980253,2.1582552192010813,3.3149078057725134,5.632660520963874,12.36118294309583
1992-09-30,0.6513384035246461,1.318849796125247,2.081744746834288,3.277821870289768,5.527707776400591,12.089556464582877
1992-10-31,0.6294840108793085,1.2821718603819467,2.0437039756714257,3.228990169961468,5.48064494145632,12.106575648103558
1992-11-30,0.5815624787838065,1.2114431459221104,1.9204788341216446,3.006603713460907,5.012607485199832,11.685644671864662
1992-12-31,0.5600282142455477,1.183562647776379,1.8681275639541755,2.906492238344895,4.898952132167256,11.412892264439991
1993-01-31,0.5447797451662767,1.145113740611153,1.785063074812733,2.754397459442458,4.645546414321817,10.338552772565736
1993-02-28,0.5716703262637968,1.1764315612424054,1.8340767362633055,2.7799172263183163,4.637766814085819,10.562465727413194
1993-03-31,0.5766207107880655,1.1269022978884629,1.7711019563263017,2.737166932380722,4.661664438514555,10.16619849215199
1993-04-30,0.5780629759707754,1.1764986121824714,1.8347191701155072,2.838296769889736,4.740969426805759,10.523356773485089
1993-05-31,0.5447485814966608,1.1312203715163727,1.7584897308694638,2.725879073156114,4.583612824765807,9.985510337801255
1993-06-30,0.5423648806551674,1.1519028684171397,1.7685836631811704,2.7020799167825635,4.4632418598280585,9.223677550803247
1993-07-31,0.5393131488535063,1.1471281600979868,1.7940605622686734,2.6968461585225487,4.444185173906446,9.245287186427518
1993-08-31,0.5206565562956335,1.106700140920091,1.7493339515610693,2.6392139756973405,4.306049940429505,9.200982468835283
1993-09-30,0.5026273995796099,1.086761374883355,1.6945936265091477,2.574145570968853,4.191247179265483,8.683198942254641
1993-10-31,0.5032518743645575,1.0664022640552366,1.672672255322192,2.4710514717944196,3.993485599691123,8.219824519279094
1993-11-30,0.5162783100391581,1.0952650856801829,1.7217562737605012,2.5526671690186418,4.0765847653443865,8.43138663087336
1993-12-31,0.4918942397185716,1.0776349194284596,1.664624363263518,2.4986688317888057,4.030227116007513,8.375819853242383
1994-01-31,0.4742198929271909,1.035577100732143,1.5920113426819729,2.375848847719382,3.8411745446234247,7.98115807028935
1994-02-28,0.4895407532758755,1.0521393740576934,1.612625609827124,2.4307644409542455,3.869495499768406,8.087680044223083
1994-03-31,0.5099581470237231,1.108930011801818,1.6732876424818972,2.5313943177354297,4.028261068371908,8.432690872341938
1994-04-30,0.5255963302114967,1.1073727072344204,1.6727196655086147,2.6060171983321148,4.133263557197769,8.679017222783335
1994-05-31,0.5344048672390413,1.1164523067597565,1.6919532643283417,2.5895505191978785,4.0950448542114595,8.598124456860317
1994-06-30,0.584549575935923,1.1729041861665965,1.7456600582900046,2.6394390815299396,4.284132297077643,8.855134459784834
1994-07-31,0.5766218262637725,1.1585500654488359,1.729005058150797,2.6080440302890024,4.273084776294277,8.735545155683257
1994-08-31,0.5421975275480071,1.1070597642918791,1.6564475202698885,2.487989936294933,4.140406095932718,8.487075150771954
1994-09-30,0.5261601512504955,1.102930123757762,1.663050214720479,2.46222646605482,4.13121562105391,8.677547756393116
1994-10-31,0.5125826407699324,1.1120902002968869,1.6697184166102144,2.4945634686209286,4.17862273336482,8.686102537893879
1994-11-30,0.532020383280575,1.148544177028137,1.7247956420092476,2.5973574342654584,4.34226422790109,8.925078532124964
1994-12-31,0.5591319238690026,1.1532666742377389,1.7349966291880219,2.672096967586775,4.550675185332931,9.703699372725527
1995-01-31,0.5453106843992244,1.1352112193750068,1.7128687890918148,2.6003020670545944,4.405933433704564,9.291121614144243
1995-02-28,0.5215617163124665,1.1022493178025101,1.6730803076771141,2.53606632573954,4.334992784708089,8.952218337488764
1995-03-31,0.5048536862767363,1.058994014776012,1.6259395269581454,2.5096230318293893,4.321938938909348,9.157919762318897
1995-04-30,0.49497770202091923,1.0310524697997032,1.6025390314815817,2.5071857654571086,4.268842926778594,9.071436375903478
1995-05-31,0.48025801717611677,1.0129995620446957,1.5702998324457864,2.4419535141423188,4.2338644854443235,9.105435651920963
1995-06-30,0.44788463605684287,0.9926584542192115,1.5642200516872597,2.3857506590076256,4.057452672179985,8.654620755868681
1995-07-31,0.40564488964371637,0.9311290457325595,1.4843887099271442,2.2673445198569655,3.9341223291655614,8.432368218173607
1995-08-31,0.39635260073552303,0.9052889222292165,1.45807972771313,2.2316781668261756,3.882027359772052,8.32086572869532
1995-09-30,0.3627270700805937,0.8781163111104393,1.4223023586164,2.2010531799048265,3.7743613635958857,8.08926510409891
1995-10-31,0.3875742671753384,0.92902906679687,1.490107870782491,2.294477737734962,3.9888490802734604,8.761246435213389
1995-11-30,0.37675258895052655,0.9020927280085113,1.43297748241034,2.309397098765407,3.9729270492134745,8.849268518511018
1995-12-31,0.36186373685408063,0.8904596974638626,1.4327076040141136,2.302540348965773,4.049706346239661,9.045469970304122
1996-01-31,0.36386655907513765,0.8878349284671687,1.4329563880804792,2.2342137602204115,4.016193676253623,8.990338734278282
1996-02-29,0.3471539156662133,0.870406773287909,1.3818011354336734,2.2268457907211636,3.9117534716563194,8.60977990129412
1996-03-31,0.3407846970498972,0.851554378076081,1.3696311622483712,2.1410069362882096,3.7385283084945082,8.359932529652072
1996-04-30,0.31239976951528325,0.8197304973003433,1.2981339794798128,2.0391907873677373,3.603630471195811,8.00803031050369
1996-05-31,0.29391468178703173,0.7861130589217892,1.2376408950806304,1.9595385655510182,3.41170693959957,7.275989229696709
1996-06-30,0.34126341944425825,0.8383963517649344,1.3551683163375197,2.0811029739750317,3.4257496497008497,7.416335939080415
1996-07-31,0.38636765528448264,0.93670216648733,1.4866164677633829,2.283602192738834,3.8133249043690967,8.096504256901847
1996-08-31,0.35727504293428397,0.8956358784123287,1.4350947605906217,2.1816417986451704,3.676732491004901,7.9975758401896835
1996-09-30,0.33566313397522096,0.8689298748129681,1.3627836661634327,2.1252239379691917,3.4750267383939883,7.776790782647599
1996-10-31,0.34390080902674713,0.8857205672321136,1.3893711404452251,2.1860684029952693,3.591264351070488,8.07722477984508
1996-11-30,0.33307695383100117,0.8559791548814,1.3417507196827796,2.163123309955842,3.5719472320797583,8.156769308982188
1996-12-31,0.3321787085252996,0.8525811565415529,1.3576929606110137,2.143334008221141,3.628844006658098,8.41980488639029
1997-01-31,0.32169866213606707,0.8166236047754395,1.307348955448933,2.0538953789399796,3.468961862907374,7.7855081581740535
1997-02-28,0.3448417742656519,0.8537248672881004,1.3384947794802367,2.0838360534109537,3.5322882578511416,7.934052507750838
1997-03-31,0.37227754317837974,0.8979369091458941,1.4159481626253885,2.2016995929396006,3.6697779421989156,8.18173870372182
1997-04-30,0.3931363603867123,0.9135890506070079,1.4179001111196545,2.26067998907233,3.834341285429981,8.615096096080176
1997-05-31,0.3500451008472503,0.8408312165797082,1.3105922846139964,2.0755572972790244,3.5429337047765315,8.40682597035672
1997-06-30,0.40931672343115016,0.8676717185995406,1.2985515930295324,2.0200428962795534,3.467131993972211,7.952096246657859
1997-07-31,0.3891328393245847,0.821581156357802,1.252356772811514,1.958212578858085,3.2820503841104443,7.677372663769984
1997-08-31,0.37291368029603533,0.8037407983232743,1.2241354371219837,1.904612102999671,3.2577155335769903,7.278955387282001
1997-09-30,0.34049163678723626,0.740651238084728,1.1412921831028313,1.781561398137574,2.9926970010112615,6.884880615397965
1997-10-31,0.3634096063265583,0.7807858188135114,1.2127937430855498,1.8532233234194235,3.0442396811156724,6.919188862081474
1997-11-30,0.3701361519686281,0.7847120231622694,1.2317554021985604,1.8910318122117997,3.128479152238846,7.337138140493293
1997-12-31,0.3809625897318014,0.784707521712838,1.247411302278022,1.9516412607695057,3.3108865769951805,8.156128144394293
1998-01-31,0.3877538050158044,0.8002564841482486,1.2579809260476882,1.9500519804484473,3.2537492069447076,7.975576274679261
1998-02-28,0.36151493609982177,0.7481923364334233,1.1818307582497423,1.8560388528703777,3.057400257472531,7.667308845522041
1998-03-31,0.35218902916150485,0.7268661507749483,1.1410084738570632,1.7677141200597009,3.0222986821184876,7.105537171407515
1998-04-30,0.3399340284655341,0.7154484022021109,1.1096543933940781,1.7486761774242288,2.945193002393839,6.934438043353165
1998-05-31,0.36921042699985174,0.7585998638033677,1.1881943280916165,1.8269907109115846,3.0783210319056873,7.27732807941866
1998-06-30,0.4221436515896332,0.8631898062112259,1.3099290620489372,1.985006380605801,3.351186555406691,7.537444991299853
1998-07-31,0.4572016985059279,0.9325597082897755,1.428449605816999,2.1733281631944474,3.661161472904108,8.152811534160726
1998-08-31,0.5834833182088062,1.1816002824664744,1.8230064435172493,2.781978459258107,4.735648303512549,10.520785821922171
1998-09-30,0.5171549835206098,1.1146844053567382,1.7660578110794236,2.8109129870426095,4.86009336491031,10.698485762835409
1998-10-31,0.5053612223116145,1.0601447276780773,1.6811056896294192,2.675621985481462,4.671728446736912,10.585295246460149
1998-11-30,0.4679667375811537,1.0040870705577134,1.5931620373804278,2.51440931470984,4.397700057345629,9.851727243221072
1998-12-31,0.4386595289758624,0.9670623641374843,1.5587832629420806,2.49979367199279,4.418658654033756,9.977328181585984
1999-01-31,0.4298265050709385,0.9799747648492706,1.5509241162760146,2.458343420462036,4.21179154264986,9.051348027446123
1999-02-28,0.45816511254540354,1.0225866128440373,1.6423607406027385,2.6365790976829504,4.524818982888749,9.498891520286413
1999-03-31,0.4620571753920768,1.0338075055942237,1.69482522420118,2.746211498023262,4.58136423990996,9.822034859282995
1999-04-30,0.4398065993022265,0.965200742988071,1.5659613450834793,2.5128367708723953,4.271680190463583,9.105247977224455
1999-05-31,0.4343156969980306,0.9390889267804022,1.5186344326133814,2.457247108462796,4.111063351286088,8.666749829130538
1999-06-30,0.44885158229858485,0.9559489299895972,1.4888698850128463,2.399842244945145,4.016892672740732,8.7391848387582
1999-07-31,0.4582062204568473,0.9697007888480457,1.508515198157566,2.431232117650718,4.064089746895171,8.740398800445824
1999-08-31,0.4601569135185173,0.9910398711046169,1.5873651885133087,2.550577314912943,4.316588682551816,9.262689130205684
1999-09-30,0.4548842201317442,0.9864639874132727,1.631659820670856,2.6663960841497145,4.4919156505707525,9.936469671134763
1999-10-31,0.4340246187933101,0.9734562003312115,1.6681365618211381,2.6992452270409544,4.694467368052783,10.566106163190335
1999-11-30,0.3819433936406112,0.9310468527606105,1.5761464675373602,2.5867761910584997,4.528965860153282,10.498524605951491
1999-12-31,0.3217308774973579,0.8538836907553858,1.4849388124695349,2.442229560174656,4.388413392679286,10.043880066206675
2000-01-31,0.3153820497625196,0.856175911264543,1.492214082943688,2.4407936919875266,4.344441081393417,9.546287710201089
2000-02-29,0.23966353429269238,0.7503275536573804,1.4260223701911436,2.3611828370530135,4.277001137813415,9.09072408131356
2000-03-31,0.24596877618282897,0.7210465697381679,1.3537139239744271,2.2792876411193053,4.153347604969569,9.250308997041484
2000-04-30,0.2817161679166192,0.7952367469860309,1.4704852421729275,2.507149817228918,4.465994715901463,10.194771657546921
2000-05-31,0.3079903572233147,0.854617948661309,1.5371610284018957,2.6625765997615374,4.846783363706081,10.859577175297584
2000-06-30,0.22523009058867408,0.6911156996204537,1.3042850727920268,2.208021364380203,4.262901600730115,10.077950008977059
2000-07-31,0.24299854802495152,0.7416747366554821,1.3286616101494182,2.2575179137034533,4.3298980567971865,10.302657436214028
2000-08-31,0.21538149912894852,0.6961797302141923,1.2437784730476118,2.1695061263231405,4.243646935873663,10.36933057167047
2000-09-30,0.22692523033684234,0.7262780694837959,1.3125646706401717,2.2953576927368404,4.370436300674712,11.22421751694856
2000-10-31,0.24212200145346008,0.7793820957718345,1.3957009493197512,2.4379972787059323,4.709928475070219,12.188826256310344
2000-11-30,0.2812075458594399,0.8887693900360356,1.5510409003684442,2.787405795565763,5.513972103988375,14.263534808702632
2000-12-31,0.2603164664178896,0.8391640211770329,1.5015459512038,2.8369022779570328,5.793759757055391,16.750190510023984
2001-01-31,0.23971488568835503,0.7707253455840527,1.3471400910779086,2.385431275992297,4.569384269227814,12.172102437227437
2001-02-28,0.2746794516027138,0.8563849039053483,1.45631010619879,2.623375376760686,4.991464237111676,13.310376030466267
2001-03-31,0.27894886093013094,0.8862579908554488,1.524306577617467,2.7864700984854083,5.57294018169019,14.940625833207692
2001-04-30,0.264882111801221,0.7986441420640118,1.4088177745836454,2.6107859538831337,5.1462081972930465,13.649597602640641
2001-05-31,0.2404164351154014,0.7719795569017622,1.3425827743032444,2.4354947605894735,4.753788924977404,12.209977563731156
2001-06-30,0.18392954730679276,0.7464633836039078,1.3012622999535606,2.2401196280248943,4.580528795642324,12.56658932344805
2001-07-31,0.2048053797145314,0.7962393773370301,1.356768747754097,2.353767201809484,4.695256696121458,13.117262693611643
2001-08-31,0.217114902514916,0.8373911329167054,1.4057243497917533,2.412582981496112,4.745774848050124,13.466456516956244
2001-09-30,0.24259284521929514,0.9614459606584758,1.609609148556553,2.9178949109225325,5.684037438137901,15.990487988485084
2001-10-31,0.2216636612463834,0.8666736953269324,1.508706348987141,2.682877096068101,5.275890412951413,15.22721744936719
2001-11-30,0.207725139301626,0.8019469413816449,1.3857282670449793,2.4415355226892945,4.802368458913739,13.969221459044011
2001-12-31,0.18865116514042649,0.7375904312419937,1.2862402224921647,2.2475035383017303,4.359171361042615,13.013994426808729
2002-01-31,0.20753957382817678,0.7646715889323468,1.303748638395337,2.249826401145986,4.1386226490804185,12.192328566411968
2002-02-28,0.22457851546347032,0.792787575934309,1.3447488503412375,2.281582787594637,4.355206144168155,12.768261429667827
2002-03-31,0.20952357169091865,0.7317827164583818,1.2533088384080775,2.0851146627708936,3.984750545879618,11.494651600499916
2002-04-30,0.24284149451591006,0.7664315239707417,1.2556850321484945,2.088059742075052,4.013102083856396,10.900973550137635
2002-05-31,0.24853998494413085,0.7908713237982882,1.2948325703695087,2.1441621622190583,4.062843353467598,11.02400244027518
2002-06-30,0.28298289198807086,0.7970178478022998,1.307735280773985,2.1525234078911546,4.016004572976306,11.193182497002887
2002-07-31,0.31806974143921346,0.9102730559170215,1.516469353930882,2.5566716816990818,4.727867547145159,12.993271989654927
2002-08-31,0.3190793497529316,0.9038632430494772,1.4897889143689356,2.552458459392433,4.748656961033532,12.862657226095248
2002-09-30,0.3347114393581971,0.97966575733536,1.6404387908307563,2.7959498660686837,5.271551122805379,14.468627949033268
2002-10-31,0.32056863487413656,0.9293449833226192,1.5549434613042787,2.7237907673927224,5.146275867734949,14.134838405740176
2002-11-30,0.28385263321200405,0.854724172788051,1.4103223609861046,2.433440197736007,4.551009526037674,12.295392391892525
2002-12-31,0.30706989061416357,0.8946938358483554,1.4658297075023932,2.5371698718949927,4.781048181625204,12.874883546981701
2003-01-31,0.3015089982568246,0.9102817207428758,1.5036168912630792,2.558195056494019,4.802706987204126,12.494271875660292
2003-02-28,0.3153804089830699,0.9114224632120211,1.5514956930018793,2.6325058057596245,4.9747158926748085,13.060091154689161
2003-03-31,0.32300292125603225,0.8928796030092057,1.5423137269495717,2.59726272016611,4.928405904528157,12.958767790118337
2003-04-30,0.2945816637068551,0.8129306674858462,1.3967139790718504,2.348493973142225,4.437732661081728,11.695341045886366
2003-05-31,0.26031782149512406,0.7387231541613832,1.241241609180889,2.092820593201662,3.912327456968841,10.215608230066929
2003-06-30,0.47677025796732925,0.953336532063178,1.4344925268244437,2.160492809486258,3.6018364500471796,8.742223711070013
2003-07-31,0.4411888277037545,0.9063630363886008,1.354505510308392,2.033826978647194,3.314398535953239,7.898548243100433
2003-08-31,0.42022454984263724,0.8708690219000743,1.2986965102544081,1.9250993721698766,3.1786994535847293,7.344267577361915
2003-09-30,0.4214773550795288,0.8825719994867104,1.313683815836192,1.9084291042951935,3.166745762832533,7.288796954313014
2003-10-31,0.38880087293555315,0.8110097971302558,1.2166648743246486,1.7704743012114883,2.891884349244285,6.696043658208988
2003-11-30,0.37292688527622236,0.7848912425240127,1.1700757749746389,1.712548866733159,2.8194801583697715,6.392588312383931
2003-12-31,0.38446805233383735,0.7790345938319904,1.153610807533813,1.6830649983084118,2.6719999174397495,5.901266611404105
2004-01-31,0.36209240396962006,0.7565814382825219,1.1150576152284095,1.622378816879085,2.5417211680119824,5.5751830196379535
2004-02-29,0.36061368950547107,0.7457087586885517,1.1061317259652412,1.5870787988607522,2.5205577925374434,5.557255059247804
2004-03-31,0.382979230592079,0.7550721702572475,1.1107232849610937,1.5940935283101838,2.4781417698928734,5.528562986467313
2004-04-30,0.39603514364097336,0.7812456640046928,1.1612559055505072,1.6627834695914525,2.549979140238995,5.58553808469182
2004-05-31,0.3871850542147912,0.7722055616172003,1.150880446321957,1.6502387942815624,2.5493747043481587,5.702453815954171
2004-06-30,0.40206318435404065,0.7873622201836449,1.2415555565784269,1.877463045319786,2.985209609665353,5.980184414636133
2004-07-31,0.44550790032950427,0.8475129128282356,1.3276979140315264,1.9740412914238619,3.1770241010848332,6.308330394432599
2004-08-31,0.45800104385611445,0.855838608827542,1.3350635601191803,1.9970848057410993,3.218446376266169,6.4847580094618715
2004-09-30,0.43215973635293053,0.821050609868455,1.277997800805003,1.9238014121765699,3.053866904651115,6.144458092924445
2004-10-31,0.4217419737756098,0.8098681163921023,1.2552170613014915,1.8775304454712751,3.018704457947771,6.051114544803974
2004-11-30,0.39676110113340085,0.7518991460272002,1.165964264782779,1.7455243773034466,2.8093313865542777,5.660892442538667
2004-12-31,0.37899761317793623,0.7188767988847369,1.1184498382633792,1.6974094770432426,2.665558083173838,5.366382906996372
2005-01-31,0.39441906514542147,0.7480412169393443,1.1390206899063309,1.7356643918306423,2.743201905961533,5.405586782278767
2005-02-28,0.39836098340890713,0.7357633610200212,1.1236150302015502,1.7090764444296003,2.694427053447258,5.432471724244938
2005-03-31,0.41039525751276423,0.7551231400469047,1.1496819723659801,1.7677446089182052,2.7443319421387535,5.526782918870117
2005-04-30,0.4309267902009485,0.7940526880016662,1.2206886473218768,1.8843584714165418,2.941795595285802,5.904030439218627
2005-05-31,0.40749621154970667,0.7474171379529724,1.171273536598127,1.793261429864309,2.833538432308483,5.683554845336582
2005-06-30,0.4212855754709819,0.7635223698077431,1.1898434485346412,1.7883437430554068,2.7147178021981424,5.563706231534668
2005-07-31,0.3968458963026543,0.7164979600960281,1.1265869106850082,1.6958655106598461,2.587097307908407,5.292554642448858
2005-08-31,0.3958750424896535,0.726683279308464,1.1430398601317193,1.725588314339075,2.6143500451080115,5.359936508437236
2005-09-30,0.3881404749089431,0.7256085398141308,1.1427067007158558,1.7267995131771108,2.6260476147117306,5.408300939400153
2005-10-31,0.40290081801807287,0.7449444503053471,1.1656131343101068,1.7823074760063067,2.765796791554148,5.50448726236713
2005-11-30,0.3844444588675567,0.7155430044449703,1.1342728699132965,1.7335830708588742,2.7018316210084725,5.389946042922733
2005-12-31,0.38377670069396685,0.7153018321104111,1.13347128601875,1.702103063766828,2.6744924704661877,5.173940088064461
2006-01-31,0.3525565589012198,0.6625283868442974,1.0631306652994652,1.6089143621187623,2.4991187019603,4.858112604437099
2006-02-28,0.3503596756592878,0.6704688234312318,1.059929443670689,1.604511709760148,2.495868584558647,4.897387645339682
2006-03-31,0.33562728491495075,0.6485237765284061,1.0100855165517162,1.5319052357535963,2.419338269182086,4.615905433588783
2006-04-30,0.3402369486511492,0.6304896498119889,1.0048969079467889,1.5240042043524533,2.428358863764208,4.624231135252786
2006-05-31,0.3660534180821614,0.6687339003557273,1.049439898599715,1.5839706448012194,2.515314669742877,4.78695678360723
2006-06-30,0.40015268964424894,0.7442403106799902,1.1417317367135005,1.6799187622145881,2.6342037648894245,5.05604437994142
2006-07-31,0.42740449191557783,0.7757552731763555,1.1953869845574567,1.7648380495169547,2.7468010840422554,5.301656924894094
2006-08-31,0.404359658578677,0.7547012649239014,1.1686544205544893,1.7203686260763356,2.732889087871245,5.415448159089411
2006-09-30,0.4043322080161032,0.7574403532571473,1.159184684244448,1.7279501089354812,2.735008777127225,5.326265203564312
2006-10-31,0.382785014225406,0.7290229288539467,1.104733804206709,1.659705971309265,2.577314645346583,5.104602847745062
2006-11-30,0.3713080523174385,0.7093915120640657,1.0866220245944163,1.616730505477029,2.5490668289426193,5.005326456480401
2006-12-31,0.37107122808376714,0.7026141530355464,1.0772926205543845,1.6069237512465646,2.505989228668331,4.844752540884035
2007-01-31,0.36778884182629096,0.697316439523607,1.0699713198463108,1.5872165030548773,2.4767610389767345,4.703516004267581
2007-02-28,0.3659561543604014,0.6956605285348485,1.0763797586967563,1.599913007457437,2.47711403432022,4.799919532006283
2007-03-31,0.359578171743561,0.6903163012770954,1.0546816802266685,1.5821452112952052,2.4770557414085923,4.858270695874594
2007-04-30,0.3526702696911612,0.6719357479595351,1.0455685691551888,1.5565801020784467,2.415820650586718,4.801256997671109
2007-05-31,0.3427159354851719,0.6534937976081973,1.0164304777304274,1.523364908479741,2.385518053359719,4.758423674645676
2007-06-30,0.36900639468256113,0.6893187157601455,1.0474722155442164,1.519182873712195,2.2955497007096484,4.40823287482965
2007-07-31,0.3750225936638805,0.7297752914061018,1.1228143189523163,1.6600682356746794,2.454171122444634,4.686385499521154
2007-08-31,0.37021962638888795,0.7286827921759066,1.109258853850348,1.6681527094717732,2.535302214273008,4.926567804040188
2007-09-30,0.35442055546598245,0.7167129893378181,1.1032517464147638,1.6625385576514766,2.534285380927407,4.948163945421761
2007-10-31,0.34615758409948516,0.7010275497413719,1.1045086278717535,1.6769708223131976,2.5665092683684696,5.027414142769701
2007-11-30,0.3753230846285156,0.7569175897678933,1.1811445220723824,1.8495996538765316,2.847038720358575,5.688578933831642
2007-12-31,0.3728188163146699,0.7564787295708981,1.20095144975382,1.8771335020089968,2.9161909465289306,5.860192819168622
2008-01-31,0.41049490613920103,0.8286903792260285,1.2844426939315348,1.9493815454433772,3.034449058701639,6.157444297086622
2008-02-29,0.4189602120816363,0.8520950306684495,1.342723960568157,2.0595067593227245,3.1922055726225502,6.423870251807176
2008-03-31,0.4165315204297705,0.8657624151346719,1.3481798140940986,2.0922883773383667,3.2750053562845465,6.789793820695924
2008-04-30,0.40217069867720767,0.817221269634551,1.3188847864564535,2.0691689973671057,3.221830768842589,6.684493962430966
2008-05-31,0.3868325693056667,0.792517037658267,1.261894101212674,2.0324912046796237,3.2330978784380338,6.6131955409044645
2008-06-30,0.28858560847849646,0.7153913925032827,1.1470009639650938,1.800303634126693,2.9864221458694247,6.835234848591303
2008-07-31,0.28206644808250037,0.7085646574311127,1.1457368230174518,1.803638052013897,2.9492924732839194,6.974340113927849
2008-08-31,0.27773091015278234,0.6834069997866313,1.112326990037555,1.7596887931238938,2.9027142460161732,6.809740323094852
2008-09-30,0.3047108494892438,0.7429672685316643,1.2247276760809431,1.9721259001169866,3.305006112847135,8.18048879619573
2008-10-31,0.3745227435259524,0.9032197009580928,1.520361447665427,2.5714539402673857,4.614337340123991,11.163909381499792
2008-11-30,0.4209578375790857,0.9894091594923398,1.7857279940636197,3.0835843257983306,5.768586730605966,15.278401269132296
2008-12-31,0.3796389581248931,0.961805546965963,1.6784798674535746,2.995560749618263,5.523271678105891,14.98074580108766
2009-01-31,0.3969167503335908,1.066129532903171,1.8139492717958192,3.1888871399273473,6.023111324340564,15.710746388166296
2009-02-28,0.4264891582610069,1.176344221446973,2.0758161368416572,3.676256065083927,6.936813603282797,18.279099844656045
2009-03-31,0.38046373428784647,1.080828155179605,1.868990704015963,3.2576301398185916,6.117769743980662,16.04945672856607
2009-04-30,0.351821051303409,0.9597756226440592,1.6425186487228272,2.7332566424539557,4.90066249086923,12.318552521100603
2009-05-31,0.3329520062902831,0.9388207060784366,1.5433601741423144,2.567614861194416,4.53598219934958,10.613894705577234
2009-06-30,0.22181815185851572,0.8450418303650298,1.4068077689694882,2.360405131417128,4.174110558555049,9.715645174010133
2009-07-31,0.20788609312878445,0.7833407598402256,1.2858248138442525,2.1425581334641666,3.69634977542667,8.699653398475492
2009-08-31,0.2081302006884909,0.7629239793287351,1.2586768938808472,2.063780172424927,3.505778862963756,7.778863463430716
2009-09-30,0.1921394826752738,0.724949034437811,1.1871362630211761,1.9212200238918644,3.309983302154845,7.147937334235625
2009-10-31,0.2044594674366333,0.7722972162842993,1.2732741028214651,2.0433966349055166,3.475220275874388,7.568990673350744
2009-11-30,0.1992180351691313,0.7427380746241611,1.234814911525247,2.0234472506676493,3.3866486074401236,7.522940631299574
2009-12-31,0.19118856212372168,0.7026302242800107,1.1678671207048723,1.8503593274819334,3.0853674273676677,6.916152060595691
2010-01-31,0.1952132229030733,0.7313264819187193,1.1929798210394134,1.893724492612282,3.1820773193704106,6.994661491421596
2010-02-28,0.1901457147544745,0.7021469411371161,1.1456693174545087,1.8099444348883913,3.0283385529901214,6.676084074218546
2010-03-31,0.17629190634390457,0.658008847078396,1.0578761778367431,1.6782252123306136,2.7888085500313475,6.092947356196169
2010-04-30,0.172561748809883,0.6178493955720028,1.010735827454435,1.5661083052723306,2.6153980942464132,5.626959250361081
2010-05-31,0.20014089067415392,0.6632858240251767,1.0925572661738023,1.6988313628226388,2.857259044564565,6.191658519917441
2010-06-30,0.47365183751429984,0.9306714206039653,1.4811490012442703,2.2802171856664977,4.02318289825314,9.227379928871754
2010-07-31,0.4458603329372583,0.8781244000016415,1.382752930075054,2.1796306238750294,3.7832144551702234,8.918276050019953
2010-08-31,0.46415666011827234,0.9249256771482619,1.4909021053895504,2.388982850488931,4.154124523707796,9.55077147922277
2010-09-30,0.4248951951638806,0.84651696999037,1.3573151691852607,2.1359592861452343,3.734594150037109,8.798256459327018
2010-10-31,0.4004630401331006,0.8168659079696577,1.3196494040246995,2.067728749321516,3.505075812869172,8.454830968058001
2010-11-30,0.3944992421065592,0.8060365421587439,1.297804292236961,2.033128763306179,3.512648764585608,8.167703760879853
2010-12-31,0.37956333937957754,0.7610035142758114,1.2013642178733255,1.876117409764903,3.32468253685841,7.814457836474533
2011-01-31,0.38369744162731945,0.7613302310715583,1.1903964340291942,1.871053627066398,3.3098115500997594,7.536213192822082
2011-02-28,0.36159267317029237,0.7329508100088231,1.140764192526883,1.797605776927023,3.158669521053819,7.195176245605021
2011-03-31,0.3644335345783566,0.7219353674174465,1.1257085090097283,1.819788414401285,3.230170522095726,7.529748828428187
2011-04-30,0.36184764309031786,0.7109783985115408,1.1269673289782485,1.7983465933730713,3.1644406104566825,7.5001674532131695
2011-05-31,0.36915390075322807,0.7232311620035781,1.1258443758845522,1.8218155762787511,3.2704740946342787,7.608722324176261
2011-06-30,0.3947063966826385,0.7771007580567888,1.2154742041625366,2.002796262109964,3.461558467272524,8.099271492306302
2011-07-31,0.4050813886839589,0.8085437283501683,1.2690632546412093,2.059492123319986,3.5420231766856247,8.167706621812055
2011-08-31,0.44535712035841596,0.8742180867302162,1.393441293870172,2.311941503343219,4.134341811481443,9.26105972684987
2011-09-30,0.49747781312240724,0.9799073784516139,1.5761534796840153,2.6473702749173156,4.572854603574812,10.389197715082341
2011-10-31,0.4302087111355536,0.8554516783480332,1.3780803823667644,2.34911752127432,4.172931015285131,9.97270652193495
2011-11-30,0.43925953262546064,0.8794765759200923,1.410974740897329,2.3720701680281944,4.283920356653533,10.200930407255363
2011-12-31,0.441956672071589,0.8785222425423413,1.4008715527421949,2.3675969989366132,4.361777149889004,10.305200944553516
2012-01-31,0.4156812453060859,0.8271889280717055,1.3220309043898089,2.220830425337727,3.939267199854592,9.20372308797262
2012-02-29,0.40674966258927414,0.8039604220420926,1.286757103236218,2.1421061069230785,3.861910964347406,9.023883451696282
2012-03-31,0.3959991324523577,0.7892305388718527,1.2443266034512213,2.104751633221513,3.741985947611701,8.818997146198107
2012-04-30,0.40114686625874224,0.8031663616631866,1.27572609041056,2.13868662211657,3.755173029887102,9.02590759988505
2012-05-31,0.4262267220240149,0.8537914480164578,1.3638932272734234,2.334481563924238,4.123027165731215,9.96597287152776
2012-06-30,0.42475923138560767,0.8489761180888941,1.3478020304984342,2.2724571307371417,4.085276047348625,10.242371601847022
2012-07-31,0.42518079024793937,0.858237962537235,1.3678991403672671,2.3114585819292786,4.219950988674184,10.340257323766366
2012-08-31,0.4161880138446791,0.8350561149173205,1.3237273393802622,2.247762190561375,4.072885684012807,10.616390233686195
2012-09-30,0.4012212167001385,0.8165039242501989,1.2874119866760183,2.1841737255148663,3.85886775136336,10.305033565287733
2012-10-31,0.41505637034280995,0.8397149996344662,1.3107786532268588,2.2323098291714167,3.9350712516459643,10.329692300758984
2012-11-30,0.40597521880638615,0.8430573270952042,1.314959115844428,2.23833519015605,3.896989486565009,10.484021923756982
2012-12-31,0.4082345654120988,0.8319618108602895,1.2826056840501427,2.162819855646551,3.827157410863375,10.157953598869176
2013-01-31,0.37805037699827665,0.7727860344243397,1.2145911366502806,2.049336656908813,3.5999299292434497,9.291798867788467
2013-02-28,0.3703514397919113,0.7655186916618345,1.2005739662589936,2.0148379019511276,3.6124960033015463,9.204754396154101
2013-03-31,0.3582024810342123,0.736569815248273,1.1524741128891411,1.9250795452266656,3.4886281903478986,8.839485542635144
2013-04-30,0.3677315465287574,0.7323445966762324,1.1586241544071347,1.948087534580091,3.435791686568634,8.697353610901937
2013-05-31,0.3499955181748815,0.6967036416078682,1.115567076719527,1.8462258232422006,3.248368382279351,8.084504731743406
2013-06-30,0.34864558033765053,0.7080905771987483,1.0955591052367277,1.8194362823303167,3.217498495584171,7.995464851769262
2013-07-31,0.3298045992467946,0.660427800805234,1.0274974685109652,1.7334932580165814,3.015275305737212,7.543466993643871
2013-08-31,0.3358844960489608,0.6754075458744355,1.0737291498300714,1.7600869373604509,3.129870577685294,7.557889019882482
2013-09-30,0.3193814293487426,0.6395516212230222,1.0177243224690942,1.66023825007234,2.948322472107219,7.361702115167281
2013-10-31,0.31704728371060587,0.620777450109249,0.9852546907608751,1.613811364820196,2.837537908284922,6.990448527521789
2013-11-30,0.29687033164685267,0.6000501908021723,0.9500839245500257,1.5478404115535824,2.7221424161694365,6.936652489643248
2013-12-31,0.2865592213207801,0.5920340789921505,0.9354897900168446,1.5212587427887592,2.7041984737443543,6.701103917173197
2014-01-31,0.29096629188154577,0.6007827264342157,0.966420752487146,1.5853527098226454,2.7613642238833194,6.635989246177145
2014-02-28,0.2729907436648012,0.5748684746925186,0.9159081729361198,1.5287517086080453,2.6732361150510338,6.39362644477421
2014-03-31,0.2783273142075474,0.5708780508001233,0.9012708059957143,1.4761792918255776,2.628233069174631,6.393891897309371
2014-04-30,0.2962576219880161,0.5949156269424627,0.9379431027527875,1.5502973853206057,2.705719110419916,6.79709373321219
2014-05-31,0.29400661901289776,0.6010963560059095,0.9328507181322561,1.5458147143580376,2.7455398505381727,6.8506215871158505
2014-06-30,0.2795863631368137,0.5642376036506287,0.8832450868871815,1.417139262031709,2.5388028782215533,5.968372201361557
2014-07-31,0.2922450344442559,0.5914290359203995,0.9470138573968154,1.4858457524507003,2.6466111303261983,6.083044681916829
2014-08-31,0.27841026294985993,0.5787501016847869,0.9115372452888566,1.4522072947534799,2.5593377380977342,5.820903744357998
2014-09-30,0.29473517276296013,0.6068205025949343,0.9559032039017824,1.5357799479606093,2.6634499965953498,6.204437424298504
2014-10-31,0.27970201183168514,0.5732231719304245,0.9124375735659637,1.4848644735435599,2.5465953371583043,6.285178330672564
2014-11-30,0.27370740284522005,0.5763583203030155,0.9205225345618828,1.4990782433425318,2.6001126655424485,6.407026579849895
2014-12-31,0.26523180449706346,0.5649218182797507,0.9119412811590325,1.4624873541934658,2.5600668608456036,6.393528406853136
2015-01-31,0.2731620450568689,0.5926598562059584,0.9409918350253068,1.545308276438014,2.7164620768187584,6.669727724080052
2015-02-28,0.25125466905456806,0.5532878623037409,0.8897577415515817,1.4562639848970262,2.5772565207212765,6.563422042248141
2015-03-31,0.2565894556259497,0.5590613536886447,0.8855355464430104,1.4408178989769875,2.569838766938825,6.517462724569916
2015-04-30,0.2627202673149823,0.5671277805234033,0.9003540839652476,1.4420087370188075,2.5576956664486024,6.5929111645521505
2015-05-31,0.253664217759314,0.5593214526082958,0.9001847706600314,1.460690050939924,2.5907072877045034,6.696835228973091
2015-06-30,0.2656951852597941,0.5689675114382635,0.929742038751304,1.4633562493007874,2.607959822827061,6.691238545313581
2015-07-31,0.25951362606120915,0.5713031581575015,0.9564816778726085,1.5391909880022772,2.739962158234419,6.946156144810843
2015-08-31,0.27931223831221497,0.6105057867383777,0.9938145437701423,1.5939244475844425,2.886339075317526,7.3072882828459225
2015-09-30,0.3091145142837736,0.6412661224422569,1.0380047516617918,1.7097703581362416,3.0962753734358235,7.751556342625201
2015-10-31,0.2951751226320118,0.6101065679839375,0.9922484235155785,1.6088275038902031,2.9953498913849343,7.545257374674231
2015-11-30,0.2796932103028954,0.5942766090393201,0.9787972058647786,1.6072189609542378,2.9963544306397205,7.367258895875635
2015-12-31,0.29470725072494436,0.6216232601862012,1.024848909094178,1.6980177871509992,3.164103597697435,7.6824628012071745
2016-01-31,0.33688707656635175,0.6783003732055822,1.0969072179064132,1.8413298311814783,3.4953855066103867,8.423621268083288
2016-02-29,0.3482362087482469,0.6813181534880471,1.08764318904311,1.818838706872215,3.402313436088014,8.529708470073517
2016-03-31,0.3210579531039576,0.6382772436998934,1.019567472042475,1.688702711814177,3.190589757990941,7.992687032803441
2016-04-30,0.3181543293858588,0.626496242967449,0.9955425422912959,1.6545476731937172,3.1339445905712937,7.59731104878737
2016-05-31,0.30543265565922445,0.6147443347490772,0.9729956372778883,1.643662047195227,3.1498619962221945,7.721281669942714
2016-06-30,0.33110721724338205,0.638023692429371,0.997638925378126,1.692451648195736,3.076455331527633,7.401471366664288
2016-07-31,0.3148119886433393,0.6117669900910198,0.965641687720843,1.6352192086382993,2.8783253753756126,7.129512615719095
2016-08-31,0.30376094485682836,0.60539276819299,0.9545898133028186,1.5923893244871372,2.8767123871359006,7.120436556482002
2016-09-30,0.2977530015273389,0.597029321763954,0.944704151264877,1.5681813802216298,2.8854701050503735,6.893950593944808
2016-10-31,0.3207017701595123,0.6263680218773361,1.0080594641662854,1.6578545104189415,3.0146749249541243,7.306194040704089
2016-11-30,0.30122827082513864,0.5863604802049923,0.9245475571482439,1.4984550093895608,2.6951520985518624,6.854737182258751
2016-12-31,0.30149800559951995,0.5759719469901148,0.9076537094815191,1.473700446136117,2.6535015994548266,6.463615710645638
2017-01-31,0.29344521572862736,0.5694093591034353,0.9050843888518263,1.4520141636620014,2.6807962712156255,6.307033615360196
2017-02-28,0.2810399354841704,0.5548059221125192,0.8825733652606153,1.4311534993555217,2.6607249029348465,6.095807376113948
2017-03-31,0.2790493811997816,0.5506958861185055,0.8886761911021908,1.412253400476331,2.6499935345597887,6.180494430305922
2017-04-30,0.27745442703202083,0.5460435631685222,0.8715160478066771,1.405973432602194,2.6140986525071046,6.199008838471957
2017-05-31,0.26828138055941697,0.5465606321320162,0.8731483409961837,1.4356761174484245,2.7211931830356235,6.481928067682739
2017-06-30,0.2758619305916419,0.5098669434103006,0.8330026020564572,1.3451565752497159,2.396842518018737,6.223004348300589
2017-07-31,0.27411218935050197,0.5070321937664914,0.8229133883793873,1.340464628273596,2.3791784535525964,6.302986296193535
2017-08-31,0.27332085793484995,0.5084273364133887,0.8419980069264696,1.3649765880281097,2.470096358098815,6.764185145499044
2017-09-30,0.26103053593515746,0.4830630821261299,0.7917190234273157,1.2850568412532621,2.266955585091392,6.123258728036071
2017-10-31,0.25779261022125943,0.48351826595474034,0.7792971639591311,1.280196797554746,2.270670173339532,6.363571472403996
2017-11-30,0.2516279146245169,0.4734207938182249,0.7583398997359192,1.2353444490134902,2.211074168602326,5.9415499227677175
2017-12-31,0.25136577904768304,0.46997422861870625,0.7611922469330934,1.229554046845617,2.1951617224324007,5.724871075613386
2018-01-31,0.24194806780648195,0.4581536844300235,0.7566326391832815,1.1988621763623313,2.155124570495822,5.641678249436236
2018-02-28,0.24260159960201805,0.4706867203713103,0.7961022697367132,1.244171572369477,2.2310024532709902,5.873945826051832
2018-03-31,0.24174275584482274,0.4652223784856116,0.7918167513838249,1.2469461083638798,2.2274561939161384,5.894259748858462
2018-04-30,0.2437660431327441,0.46751654130496,0.7636270583883582,1.2229022100019376,2.238246692568695,5.817239007415579
2018-05-31,0.22818557505239218,0.4433244384159377,0.7375731829000248,1.1765567056254997,2.1971641804752764,5.665311528880348
2018-06-30,0.23876916443972176,0.4616486961180678,0.7457742412296311,1.194104243075696,2.120403655456468,5.618568534693318
2018-07-31,0.2345588692873315,0.4532157251034177,0.7295801820184767,1.171029436535932,2.158837340446731,5.552343328160831
2018-08-31,0.21529424989017085,0.4266456376332417,0.7276571185091095,1.156328929953817,2.088818950382658,5.456114511767078
2018-09-30,0.21822461600956067,0.44258919424877036,0.7310340709436475,1.1969901208595817,2.155279830416938,5.530783760907098
2018-10-31,0.25113347931411684,0.49491388313598905,0.8169247883175389,1.3166299854599246,2.3918808143286885,5.983907557699531
2018-11-30,0.24584172907288415,0.4891203296674238,0.7987375864732208,1.3131822183809003,2.388451814612548,6.378453520818051
2018-12-31,0.27540815809188063,0.5550191891804879,0.9082609985877677,1.5071370003388964,2.821596673374624,7.4852404239959
2019-01-31,0.24962400568877144,0.5011362099803716,0.810151045762469,1.3540387946424046,2.4880011956664223,6.59240470906282
2019-02-28,0.2364679670729172,0.47712979219399687,0.780017437795715,1.2935164375898074,2.4088102070404873,6.3542431282604905
2019-03-31,0.23316597771440042,0.48312663237225456,0.805796894170152,1.3200387477636524,2.4779008045958153,6.714827990021695
2019-04-30,0.22527801751469015,0.4615045117644475,0.7771493438520058,1.2613213770925322,2.39455151919487,6.527174091667037
2019-05-31,0.24483745383518885,0.5097218264705736,0.8497045390585283,1.427404917445764,2.6945208254063275,7.248454459368689
2019-06-30,0.27667088311559984,0.5464641045182869,0.8904113954251954,1.509128053167493,2.794019350506561,7.692155848634879
2019-07-31,0.2789551413649691,0.5481687095285708,0.8892947691397254,1.5160003317178388,2.807362051349567,7.680217165662787
2019-08-31,0.29247174690289146,0.5765365491946474,0.9419812354771223,1.6110011499260275,3.099850131589095,8.632248963073238
2019-09-30,0.28953631642439437,0.5607353966925467,0.9198167258682696,1.5439570411746268,3.0083723942746157,8.227291199751846
2019-10-31,0.28294024547225427,0.561969924203833,0.9140341903732362,1.529783048233687,2.986545941740782,8.773807509099225
2019-11-30,0.2689894746378274,0.5489558235112988,0.8891902396807684,1.4958673279709902,2.9399697077518256,8.435773073805388
2019-12-31,0.26399987741630043,0.530234157151264,0.8466685181827858,1.4240767239506138,2.727486684217564,7.604935730253446
2020-01-31,0.26391660335073513,0.5395305305641638,0.8750941189909388,1.497865055736067,2.9068689744793534,7.880834423995457
2020-02-29,0.28385769364770796,0.5837403256080403,0.9697202556814553,1.6455162665656737,3.242246880426329,8.563805573350955
2020-03-31,0.32672084153926084,0.7107792208858995,1.283040802581958,2.2694952618776165,4.619222693857192,12.83983074495999
2020-04-30,0.27574300782917216,0.6357337396939233,1.0949551650863236,1.9961927733434766,3.9845903348615836,10.759092705712872
2020-05-31,0.25133490286747345,0.5869836449151797,1.044224934325028,1.8797095916912914,3.7147104546426952,9.747452458773234
2020-06-30,0.25081650567054664,0.5558808200875548,1.0062214711320066,1.7216697605779059,3.443974936770779,8.975134043526207
2020-07-31,0.23470739782855005,0.5351568879398605,0.949220993206662,1.6659671944115337,3.29986288241656,8.82551735891392
2020-08-31,0.22582897058518475,0.5134830411256219,0.9166749197656632,1.5891517874115568,3.1672935894948933,8.271337788850687
2020-09-30,0.22922555275816373,0.5191384095109274,0.9471995732720987,1.6600487360597753,3.246727760716429,8.566666900971969
2020-10-31,0.23043286134835425,0.5141890841262585,0.939241986498314,1.6317193868233708,3.2023781216682563,8.371675512193452
2020-11-30,0.20140369200016198,0.4590355448058361,0.7967674528673714,1.37152814805496,2.6185218831568826,6.625732759570742
2020-12-31,0.18778168456074576,0.42887194612718765,0.7500928472760118,1.29268792681915,2.390080760456756,6.106501651142817
