date,RM,MP
1926-07-31,0.030873459609495058,0.028559288545113137
1926-08-31,0.02899912000181737,0.026329951535303042
1926-09-30,0.005853480481198936,0.003683586275539108
1926-10-31,-0.029388167811546184,-0.03254159860757211
1926-11-30,0.028958322178756823,0.025756549983589005
1926-12-31,0.02914679964222322,0.026210702143189435
1927-01-31,0.0026854411912411447,0.0001819807565424103
1927-02-28,0.04545731355118554,0.04270632955013243
1927-03-31,0.0036461453640068697,0.0006699296109866637
1927-04-30,0.0075975990891814504,0.0050823571359361885
1927-05-31,0.05722445857397629,0.05406436539053128
1927-06-30,-0.021572243739756858,-0.024017546377541943
1927-07-31,0.07518814760480041,0.07197652669706067
1927-08-31,0.02296897017982036,0.02021280015888438
1927-09-30,0.05061908016486849,0.048523958566159875
1927-10-31,-0.040456921426655135,-0.04285691470479713
1927-11-30,0.06778719339287265,0.06548941389765472
1927-12-31,0.02514771803989957,0.022753831676423975
1928-01-31,-0.0019209008816820639,-0.004413337811862372
1928-02-29,-0.014427946864691288,-0.01759865588579046
1928-03-31,0.09093009276315,0.08770501460795255
1928-04-30,0.044149657261526754,0.04185937211035107
1928-05-31,0.017476662748912686,0.014126781001150501
1928-06-30,-0.04573522297847865,-0.0487136477149378
1928-07-31,0.009026920818014927,0.0057537672664900175
1928-08-31,0.07061737898834064,0.0671626572592352
1928-09-30,0.031426477694756816,0.02871041914501693
1928-10-31,0.018797623103791627,0.014570856320799352
1928-11-30,0.12144476416099415,0.11708972049711242
1928-12-31,0.006744108635150958,0.006240951177470144
1929-01-31,0.0532370952318133,0.04968991505566933
1929-02-28,0.00019882076765997958,-0.0033959487128844
1929-03-31,-0.007263963385572003,-0.010595479092260662
1929-04-30,0.01957760008763554,0.015875444592557963
1929-05-31,-0.06083490809626568,-0.0649874945065605
1929-06-30,0.10143227606024241,0.09568640166732933
1929-07-31,0.04612142747367298,0.042597319739709816
1929-08-31,0.08414286253645331,0.07993546694241416
1929-09-30,-0.04984240796127648,-0.05326453331490255
1929-10-31,-0.1949713045261129,-0.19876598716158667
1929-11-30,-0.12366940657924952,-0.12696987766429713
1929-12-31,0.01517711469129801,0.01137866190746073
1930-01-31,0.05736624819681979,0.05599544726237604
1930-02-28,0.027726929428214753,0.02479518693041527
1930-03-31,0.07506346713070444,0.07144565667878644
1930-04-30,-0.02073863230498796,-0.02285355680114265
1930-05-31,-0.0135052482380692,-0.01597007467325795
1930-06-30,-0.15977608856521175,-0.16210028995135062
1930-07-31,0.040337435717730186,0.038261878250221315
1930-08-31,0.0020338290728172392,0.001032284760237978
1930-09-30,-0.12644713954402786,-0.1284212518029484
1930-10-31,-0.08605174107051083,-0.0867669598065155
1930-11-30,-0.026958819359104158,-0.028302497965648987
1930-12-31,-0.07742056277810017,-0.07862304339748327
1931-01-31,0.06459438982640564,0.06293871520859096
1931-02-28,0.11022497093559602,0.10973886873567995
1931-03-31,-0.06220370943995024,-0.06342516686532218
1931-04-30,-0.10005915251308328,-0.100736786781635
1931-05-31,-0.1346255715689162,-0.135278191615415
1931-06-30,0.14247767989567883,0.1415911521668638
1931-07-31,-0.06672595960523187,-0.06721248208607022
1931-08-31,0.0028839688570831967,0.0026232617288057813
1931-09-30,-0.2918198493021512,-0.29199230661112696
1931-10-31,0.08141736600538407,0.08029593578786742
1931-11-30,-0.0885693421419903,-0.09004182403618544
1931-12-31,-0.13545577348163584,-0.13654246104432888
1932-01-31,-0.009892892892368166,-0.012119723612456057
1932-02-29,0.057605694417824926,0.055180746909532896
1932-03-31,-0.11124305332264428,-0.11263501995811787
1932-04-30,-0.1798499990821063,-0.18070925314291264
1932-05-31,-0.2069563351468766,-0.20735656841685013
1932-06-30,-0.0032189288972743757,-0.0034782017691151745
1932-07-31,0.3407412116631865,0.34042330134394305
1932-08-31,0.37609533943308415,0.3757280403403178
1932-09-30,-0.02861562172151788,-0.028858882164475297
1932-10-31,-0.13309158933065035,-0.1333096515247737
1932-11-30,-0.05872619497522136,-0.0589527279052523
1932-12-31,0.045411989428400856,0.045411989428400856
1933-01-31,0.009871601918509443,0.009871601918509443
1933-02-28,-0.1546312542219247,-0.1544437845483998
1933-03-31,0.03210898543907037,0.03173785394119544
1933-04-30,0.39477164481486127,0.393451176740649
1933-05-31,0.21370064043052972,0.21307424055073154
1933-06-30,0.13168133357436274,0.13138842873566792
1933-07-31,-0.09531819456748036,-0.09553635024489004
1933-08-31,0.12074608958489574,0.12048956712985293
1933-09-30,-0.10584638523119039,-0.10606201292108175
1933-10-31,-0.08366098704120783,-0.08366098704120783
1933-11-30,0.10020071852931456,0.0999377087265263
1933-12-31,0.01782198944209501,0.017567718513628483
1934-01-31,0.12758239744430022,0.12699884437598508
1934-02-28,-0.024221148894199573,-0.02443606038363766
1934-03-31,0.004698100139925998,0.0044369322692636715
1934-04-30,-0.01818077395727924,-0.01818077395727924
1934-05-31,-0.07268140745438356,-0.07268140745438356
1934-06-30,0.025275452185228975,0.025275452185228975
1934-07-31,-0.10936077950793355,-0.10936077950793355
1934-08-31,0.05740620555390041,0.05740620555390041
1934-09-30,-0.002095530490153541,-0.002095530490153541
1934-10-31,-0.018775776956548418,-0.018775776956548418
1934-11-30,0.08259423743770467,0.08259423743770467
1934-12-31,0.004280724004557701,0.004280724004557701
1935-01-31,-0.03345084430153922,-0.033702453798624576
1935-02-28,-0.019618973251143146,-0.019834839638026347
1935-03-31,-0.035706215958840604,-0.035706215958840604
1935-04-30,0.09060320252247767,0.09033151753578039
1935-05-31,0.0339437760648762,0.03367531691496106
1935-06-30,0.05789982438231367,0.05789982438231367
1935-07-31,0.0748807110193368,0.07460204662134884
1935-08-31,0.02573414462052237,0.02573414462052237
1935-09-30,0.026095891373967284,0.025849912105779138
1935-10-31,0.06946104180647383,0.06946104180647383
1935-11-30,0.05240471491892862,0.052163213288358934
1935-12-31,0.04693928703957284,0.04667805310147388
1936-01-31,0.06960181141259292,0.06932446145365434
1936-02-29,0.02555617423572798,0.025320572833281707
1936-03-31,0.007713070743864625,0.007451157015966325
1936-04-30,-0.08114082484900642,-0.08137131072148607
1936-05-31,0.05250091053580097,0.05223834290853224
1936-06-30,0.024708470297682084,0.024442324120929504
1936-07-31,0.06653012404898084,0.06625354192835631
1936-08-31,0.01104222207814054,0.010779486105147118
1936-09-30,0.012045748723173322,0.012045748723173322
1936-10-31,0.07115123703550008,0.07087349991679548
1936-11-30,0.0330231491553965,0.0330231491553965
1936-12-31,0.0027747403655362657,0.0027747403655362657
1937-01-31,0.033227430700802696,0.033227430700802696
1937-02-28,0.013187726801245025,0.012964976854591415
1937-03-31,-0.002559874989330302,-0.0028192135136756447
1937-04-30,-0.07501761604291546,-0.07525882506728077
1937-05-31,-0.007082793737497983,-0.007797697835480122
1937-06-30,-0.04222319734098878,-0.04247261249772538
1937-07-31,0.08998686852086135,0.08971533303539303
1937-08-31,-0.0486296870191949,-0.04887749302351263
1937-09-30,-0.13569766620737322,-0.13591503793226756
1937-10-31,-0.09361800968439327,-0.09384559285873806
1937-11-30,-0.0832296834987265,-0.0834413872796439
1937-12-31,-0.04154107123451667,-0.04154107123451667
1938-01-31,0.00651417224436579,0.00651417224436579
1938-02-28,0.05808326325109525,0.05808326325109525
1938-03-31,-0.23892800156533334,-0.23892800156533334
1938-04-30,0.14570743710262235,0.14570743710262235
1938-05-31,-0.03918275997617848,-0.03918275997617848
1938-06-30,0.23854695394971848,0.23854695394971848
1938-07-31,0.07201730950369045,0.07201730950369045
1938-08-31,-0.02728892582476461,-0.02728892582476461
1938-09-30,0.009032477418698726,0.008780273107537928
1938-10-31,0.07903284423078816,0.07903284423078816
1938-11-30,-0.018248986635990616,-0.017570766779595126
1938-12-31,0.04219365807685649,0.04219365807685649
1939-01-31,-0.06044460976675925,-0.06044460976675925
1939-02-28,0.0352369073266674,0.0352369073266674
1939-03-31,-0.1212476888587517,-0.1212476888587517
1939-04-30,-0.002827865575843025,-0.002827865575843025
1939-05-31,0.06897442464531744,0.06897442464531744
1939-06-30,-0.054133843819614835,-0.054133843819614835
1939-07-31,0.10229275542246064,0.10229275542246064
1939-08-31,-0.06707483689016269,-0.06707483689016269
1939-09-30,0.1618808312339013,0.1618808312339013
1939-10-31,-0.004218079380294615,-0.004218079380294615
1939-11-30,-0.03735031103734676,-0.03735031103734676
1939-12-31,0.029757329157735546,0.029757329157735546
1940-01-31,-0.024349693046507026,-0.024349693046507026
1940-02-29,0.014744742763031393,0.014744742763031393
1940-03-31,0.01871845095592195,0.01871845095592195
1940-04-30,0.0008613241701427299,0.0008613241701427299
1940-05-31,-0.22146854082028533,-0.2212640724556031
1940-06-30,0.0667990375973988,0.0667990375973988
1940-07-31,0.0319543007234937,0.0319543007234937
1940-08-31,0.024633962492450312,0.024633962492450312
1940-09-30,0.023196277937807208,0.023196277937807208
1940-10-31,0.030186451810507275,0.030186451810507275
1940-11-30,-0.016855442498946327,-0.016855442498946327
1940-12-31,0.006609086813666121,0.006609086813666121
1941-01-31,-0.041339614007327774,-0.041339614007327774
1941-02-28,-0.013762571545664626,-0.013762571545664626
1941-03-31,0.009548248251395997,0.009548248251395997
1941-04-30,-0.05403244333742285,-0.05403244333742285
1941-05-31,0.01316483356032605,0.01316483356032605
1941-06-30,0.05856283530682016,0.05856283530682016
1941-07-31,0.059540945747016405,0.05926610737073568
1941-08-31,-0.001121201828696572,-0.001121201828696572
1941-09-30,-0.007694752961494689,-0.007694752961494689
1941-10-31,-0.05290761651162734,-0.05290761651162734
1941-11-30,-0.020482875661764877,-0.020482875661764877
1941-12-31,-0.046895247795065376,-0.046895247795065376
1942-01-31,0.008902917865376336,0.008640717167306189
1942-02-28,-0.02353306634753949,-0.023748103532201137
1942-03-31,-0.06519601712350387,-0.06519601712350387
1942-04-30,-0.04360414184321837,-0.04360414184321837
1942-05-31,0.0603909206850366,0.06012647071697663
1942-06-30,0.025399611850985382,0.025133293117123756
1942-07-31,0.03494743703654146,0.03467873289123369
1942-08-31,0.018468592212584456,0.01820400780225495
1942-09-30,0.027092180013747136,0.026835710570987548
1942-10-31,0.06915320384674306,0.06887596754430314
1942-11-30,0.0010616599892039336,0.0008414568953807322
1942-12-31,0.05167644290315798,0.05140356745966912
1943-01-31,0.07339169095916143,0.07312413140299157
1943-02-28,0.060586768215479925,0.060354083471935605
1943-03-31,0.062353468697129655,0.062067306504040465
1943-04-30,0.007323387194845488,0.007071649070142794
1943-05-31,0.05738919839058454,0.057125467362774796
1943-06-30,0.017219621445745847,0.01695534670388188
1943-07-31,-0.04758815973652475,-0.047836230108407984
1943-08-31,0.013423369804476115,0.013160041108519538
1943-09-30,0.02413252076153527,0.023876760067281344
1943-10-31,-0.01151693791304309,-0.011764146486268001
1943-11-30,-0.059875803710033426,-0.060092597991526886
1943-12-31,0.06438132875280678,0.06410528360697865
1944-01-31,0.018057639318749708,0.01780333513340171
1944-02-29,0.0034111646360630576,0.003180437931572966
1944-03-31,0.02474681445252469,0.024470416364994474
1944-04-30,-0.016484679029271643,-0.016720861915087926
1944-05-31,0.05100931808291942,0.050736610978331376
1944-06-30,0.05714429337883287,0.05687005448060467
1944-07-31,-0.015230429480229346,-0.015476747468435192
1944-08-31,0.015604040276098852,0.015350324729265452
1944-09-30,0.0005663623194642753,0.0003262548371631979
1944-10-31,0.0021343367789381507,0.001883852213991899
1944-11-30,0.016731501921381398,0.01649784639231333
1944-12-31,0.04126979660345431,0.04100992776917756
1945-01-31,0.020176387175453225,0.01991137449185376
1945-02-28,0.06461119797567472,0.06437767170895081
1945-03-31,-0.03923047054521589,-0.039480631953996426
1945-04-30,0.07845847255911376,0.07820048169039362
1945-05-31,0.018169303766421896,0.017904792637613687
1945-06-30,0.004524187239307809,0.004263085299575975
1945-07-31,-0.022369855157689855,-0.022575365402693892
1945-08-31,0.06210611338371219,0.06188372416137766
1945-09-30,0.04841293218326803,0.04817231393293109
1945-10-31,0.038625795546144426,0.03837694318376639
1945-11-30,0.05502021281162839,0.05477814341956311
1945-12-31,0.013524812410736553,0.013281722739554747
1946-01-31,0.06359174702522474,0.06331589204317312
1946-02-28,-0.05840652565165083,-0.05860483328347743
1946-03-31,0.05805796153225362,0.05778349011358874
1946-04-30,0.04236179782787586,0.04210166680868732
1946-05-31,0.040182963303005304,0.039923353082493396
1946-06-30,-0.03872515019571987,-0.03891777324504764
1946-07-31,-0.02635951247692314,-0.02657395956134667
1946-08-31,-0.06487317304020268,-0.06507951617362018
1946-09-30,-0.1022855729221892,-0.10246613700868212
1946-10-31,-0.014126049974596433,-0.014382511272246767
1946-11-30,0.0006301593583131204,0.0004000292488299806
1946-12-31,0.05040477832042711,0.050142713178176646
1947-01-31,0.013124072524548058,0.012860816713948564
1947-02-28,-0.01176939942284605,-0.011986909574341564
1947-03-31,-0.016793773583426597,-0.01704955188435886
1947-04-30,-0.04775671540026394,-0.047995223273022525
1947-05-31,-0.0095450020336173,-0.009792691201394588
1947-06-30,0.053326526552273545,0.053105889296564124
1947-07-31,0.04140683590819361,0.0411781646284326
1947-08-31,-0.017410274349284216,-0.01761677379905291
1947-09-30,-0.004673944477930125,-0.005300968032365017
1947-10-31,0.024823865184882665,0.02429158391745001
1947-11-30,-0.0191286039085401,-0.01977634766735281
1947-12-31,0.031033793844711388,0.030230820890906118
1948-01-31,-0.037880028662166554,-0.038602486570903705
1948-02-29,-0.04345703750261798,-0.04408945471603687
1948-03-31,0.08290113717970837,0.08205934868053433
1948-04-30,0.03822411273645665,0.037415762255732066
1948-05-31,0.07460385732652708,0.07383271074490683
1948-06-30,-0.0003268217354571723,-0.0012061921693019562
1948-07-31,-0.05040894532382678,-0.05120829055734444
1948-08-31,0.0037308727814537868,0.00284809552025056
1948-09-30,-0.029996951224170676,-0.030404881189220245
1948-10-31,0.06041305066865266,0.05988420771629088
1948-11-30,-0.09231013831095503,-0.09272939180388717
1948-12-31,0.03251438654807082,0.03197826610526433
1949-01-31,0.0029269151701998286,0.0019245653002046836
1949-02-28,-0.02895480058345612,-0.029810121603219164
1949-03-31,0.04153547179680639,0.040412873319602305
1949-04-30,-0.0180341305396583,-0.01901634709979083
1949-05-31,-0.028713359200172373,-0.029646510962830552
1949-06-30,0.0023072441681526445,0.0014256497857718653
1949-07-31,0.05649807771948301,0.055655512180870836
1949-08-31,0.026922233720130695,0.025978955657343983
1949-09-30,0.032019902298771274,0.03115462396018942
1949-10-31,0.03178080581917042,0.030750798840636362
1949-11-30,0.018614971179997664,0.017678997585425682
1949-12-31,0.052199328251549826,0.05114976374286506
1950-01-31,0.01781532513882822,0.016798700013308965
1950-02-28,0.015263124880554813,0.014370677109853291
1950-03-31,0.012734924737677344,0.011642240361130485
1950-04-30,0.04073663576238795,0.039739636580912396
1950-05-31,0.04444653274554011,0.04336265801767181
1950-06-30,-0.05827145162548719,-0.05910218445646076
1950-07-31,0.016003007308933448,0.014988219768802491
1950-08-31,0.05109119153010511,0.05012669201540909
1950-09-30,0.04920843564235455,0.04816221853951075
1950-10-31,-0.001137560691338746,-0.0023854772662428303
1950-11-30,0.029206201616682526,0.02802468527075641
1950-12-31,0.05816821011941986,0.0569020640578044
1951-01-31,0.059094316281574244,0.057721354137791
1951-02-28,0.013995801252901119,0.012881683139872147
1951-03-31,-0.021298439997180507,-0.0223166456556948
1951-04-30,0.05044107950526833,0.04913137613238461
1951-05-31,-0.022619547158079012,-0.02389048892497836
1951-06-30,-0.025523146401064123,-0.026751788655115294
1951-07-31,0.07168823789105705,0.07034313982025386
1951-08-31,0.045180780644391794,0.043742135851307706
1951-09-30,0.009068123837919773,0.007918943727173389
1951-10-31,-0.022668775681685127,-0.024193654421737154
1951-11-30,0.006272691175446932,0.00511640896429677
1951-12-31,0.03541319834429357,0.034121499196320126
1952-01-31,0.01716264341637208,0.015578084790278224
1952-02-29,-0.025251065057591227,-0.026372674587195166
1952-03-31,0.04580019914196143,0.044714973495241006
1952-04-30,-0.04918509583224029,-0.05037531265861561
1952-05-31,0.032920567793462974,0.03163185098667043
1952-06-30,0.03968836404417253,0.03816391280840259
1952-07-31,0.011408380237101667,0.00985275008967168
1952-08-31,-0.006751630742929171,-0.008211162171011366
1952-09-30,-0.019264218779478592,-0.020912075494278204
1952-10-31,-0.005257902801655945,-0.006570472704029107
1952-11-30,0.059673939992475056,0.0585972585709118
1952-12-31,0.031135949814529607,0.02955137120980922
1953-01-31,-0.001624871815042006,-0.0033009421602928635
1953-02-28,-0.0016901837668995556,-0.003126919314743959
1953-03-31,-0.012967583781839598,-0.014704355776018918
1953-04-30,-0.027766522454173215,-0.02940079346284108
1953-05-31,0.006885287653782601,0.005195608454981793
1953-06-30,-0.016306287226964145,-0.018037467672082586
1953-07-31,0.025182701533990715,0.02377039669754133
1953-08-31,-0.04438711075834534,-0.045994746135970654
1953-09-30,0.0030412850220717935,0.0013577224782164166
1953-10-31,0.04756601561816587,0.046249775998344234
1953-11-30,0.028662501162200593,0.027923271826573393
1953-12-31,0.0006548093016831569,-0.000665194477915021
1954-01-31,0.05279359383470594,0.051743993906781416
1954-02-28,0.01758614600135866,0.01681376140035451
1954-03-31,0.03749164536460703,0.036777151682363396
1954-04-30,0.0430940330123859,0.04221993230347687
1954-05-31,0.03184715368404811,0.031229187915406742
1954-06-30,0.0116706848372361,0.011003532864548138
1954-07-31,0.05071633918494345,0.050276161273166586
1954-08-31,-0.022895817764087778,-0.023326113778132318
1954-09-30,0.06470276511822792,0.06381143069605089
1954-10-31,-0.016168833005929306,-0.01678894742841186
1954-11-30,0.0957361449703169,0.09508187733238027
1954-12-31,0.055514196772685764,0.05458799853603158
1955-01-31,0.006855941089452866,0.006010759413158873
1955-02-28,0.031330396994630805,0.03054813020705427
1955-03-31,-0.001174288884830954,-0.002092898545330013
1955-04-30,0.03233362148787977,0.03130340856402558
1955-05-31,0.012174527159964699,0.010688505025947537
1955-06-30,0.06611806309873947,0.06494934673772113
1955-07-31,0.02003987206139657,0.019021307941331944
1955-08-31,0.004258497333791356,0.0026431580208332583
1955-09-30,-0.0020745145382793373,-0.0037500754217593135
1955-10-31,-0.025789913373943762,-0.027631883169777383
1955-11-30,0.07215094114200205,0.07044272920163275
1955-12-31,0.016632482625222433,0.014714267727876207
1956-01-31,-0.02812228318558918,-0.030164002960958114
1956-02-29,0.03976541613356299,0.03769186113001077
1956-03-31,0.06818587993717684,0.06662164682107696
1956-04-30,0.005070486002062058,0.0031730358322394903
1956-05-31,-0.04946088612145749,-0.05155476375372536
1956-06-30,0.03739182047387035,0.03543629262197867
1956-07-31,0.050800054675220974,0.04860075745845838
1956-08-31,-0.029939490455706097,-0.031502179620777726
1956-09-30,-0.04968212835970154,-0.051490975572627606
1956-10-31,0.007365206282303971,0.00482039443187654
1956-11-30,0.004769962532236605,0.0027627401654297667
1956-12-31,0.03496183205741943,0.032608886495098854
1957-01-31,-0.03225683269677049,-0.03481229350176329
1957-02-28,-0.018705947827708513,-0.02112937784749047
1957-03-31,0.02412043738108638,0.021759981050758936
1957-04-30,0.04514175315706015,0.04251666048696645
1957-05-31,0.03659279551364847,0.03386406880214787
1957-06-30,-0.005083360619007271,-0.00746907971378219
1957-07-31,0.008973074636922096,0.0060924820240955135
1957-08-31,-0.050065819219568874,-0.052367466629955284
1957-09-30,-0.057808109800760676,-0.06026215216113051
1957-10-31,-0.04136089532980636,-0.044228686802791906
1957-11-30,0.025840753699911456,0.022924710357186795
1957-12-31,-0.037551154246944884,-0.03977607459361898
1958-01-31,0.049549309146371456,0.046558219622502284
1958-02-28,-0.014466985130050958,-0.015649831016015248
1958-03-31,0.03377932985978305,0.03291266490246958
1958-04-30,0.030790061890664022,0.029925779695648025
1958-05-31,0.02465810451833783,0.023583988006998347
1958-06-30,0.0296987098434216,0.029482793880284408
1958-07-31,0.04480895085002046,0.04412095763945589
1958-08-31,0.019293860862731993,0.01886622681096828
1958-09-30,0.04838825998261154,0.04641301746800108
1958-10-31,0.02722346459771985,0.025337209208592837
1958-11-30,0.03059630652682621,0.029485645231596802
1958-12-31,0.05260822103432106,0.05018525481760783
1959-01-31,0.009102485399864024,0.0069863726014978145
1959-02-28,0.011290613630044133,0.009371984792257981
1959-03-31,0.004613500383993108,0.0025063581053768047
1959-04-30,0.03790696009554173,0.035857294372041215
1959-05-31,0.01955007078835358,0.01741310407122909
1959-06-30,0.0006050064279670142,-0.001813645533374375
1959-07-31,0.03447266845606922,0.031975956413025086
1959-08-31,-0.012418856449137983,-0.014284860459387705
1959-09-30,-0.04506354678396851,-0.048073794532472736
1959-10-31,0.015688105482486447,0.012566545735454904
1959-11-30,0.018674225598202643,0.016163456733661707
1959-12-31,0.028357955170237092,0.02497399157047453
1960-01-31,-0.06639812371326947,-0.06957818492808154
1960-02-29,0.014613938449604014,0.011778774983125073
1960-03-31,-0.01276610977863113,-0.016168418550634556
1960-04-30,-0.015268375761058661,-0.017237510125616584
1960-05-31,0.034216107018900876,0.031400846949824146
1960-06-30,0.022992805469495448,0.02052254746250659
1960-07-31,-0.022725232875840717,-0.02409411181010168
1960-08-31,0.03216786767854107,0.030509618372233538
1960-09-30,-0.058801736085887124,-0.06038630731335337
1960-10-31,-0.004722562305084721,-0.006811078324118869
1960-11-30,0.04864035815982737,0.047176695426617954
1960-12-31,0.048631695337668424,0.04709475093185689
1961-01-31,0.06397902794317734,0.06197581179302225
1961-02-28,0.03713645179408687,0.0355641379741618
1961-03-31,0.03106466246484718,0.02902789894419655
1961-04-30,0.0056088149928477105,0.0038007250036098394
1961-05-31,0.025825909300450922,0.02410597262879266
1961-06-30,-0.028571009239042544,-0.030495174285752658
1961-07-31,0.02975322997816998,0.027903943619786542
1961-08-31,0.026903156122998872,0.025488586801813096
1961-09-30,-0.019876284222882346,-0.02144489355447321
1961-10-31,0.02764473366404485,0.02583982539411145
1961-11-30,0.04519168684530839,0.0435243260614433
1961-12-31,0.0009153403654218462,-0.0008846983777679451
1962-01-31,-0.0363130344276974,-0.038646417448124804
1962-02-28,0.01946576902135999,0.017339337463044613
1962-03-31,-0.004614362614149159,-0.006583790221031394
1962-04-30,-0.0635338446380379,-0.0655987205331321
1962-05-31,-0.08511574178711467,-0.0873366837287165
1962-06-30,-0.08274960517785412,-0.08448902159531446
1962-07-31,0.06528660096206074,0.062390758716928785
1962-08-31,0.023483728062566378,0.021134636559924536
1962-09-30,-0.05020515105627821,-0.05219368694546933
1962-10-31,0.0021458207771476445,-0.0003864766764735128
1962-11-30,0.11043524245562297,0.10822801914316726
1962-12-31,0.011884683266690121,0.009460326687876774
1963-01-31,0.05186261845672324,0.049325848431590824
1963-02-28,-0.02200873865932307,-0.024238778386339366
1963-03-31,0.032983119431373664,0.030603213317482503
1963-04-30,0.04754339345310843,0.04491255747277445
1963-05-31,0.020034478131603084,0.017571050991204595
1963-06-30,-0.0179652937929774,-0.020125480411677166
1963-07-31,-0.001735118135972824,-0.004367454518084735
1963-08-31,0.052860752300915026,0.05032170483445553
1963-09-30,-0.011972141264270042,-0.014736625008736404
1963-10-31,0.027725451392090372,0.024660558975245328
1963-11-30,-0.005543446311946254,-0.008226103866004308
1963-12-31,0.021767778966240492,0.01877103896088106
1964-01-31,0.025513188868939274,0.022587559484271713
1964-02-29,0.0171364524457005,0.014436684182484782
1964-03-31,0.01773151502163417,0.014533132642246205
1964-04-30,0.004772193890977494,0.0019030690621961721
1964-05-31,0.017385931257385412,0.01474625375221228
1964-06-30,0.015133251492113198,0.01201333538879612
1964-07-31,0.02024452492012485,0.01733324448150242
1964-08-31,-0.011286427219583506,-0.013983587352404792
1964-09-30,0.030273966092784876,0.027468946012424444
1964-10-31,0.008926771826873958,0.006046327558063114
1964-11-30,0.0029863677172732306,0.00013214507535996844
1964-12-31,0.003749091066714616,0.0006625858135169693
1965-01-31,0.03863536405662127,0.03573653582827063
1965-02-28,0.006972459196091796,0.003916756009719302
1965-03-31,-0.00978977387470259,-0.013428903895990274
1965-04-30,0.0336701257865446,0.030424052519552047
1965-05-31,-0.0044751244317892125,-0.007656701616824302
1965-06-30,-0.05197319313970361,-0.05531285893987681
1965-07-31,0.016799615098527676,0.013603992240228235
1965-08-31,0.030942888381652045,0.027550818578697456
1965-09-30,0.031935190297607274,0.028694296050803647
1965-10-31,0.029236252246948258,0.026003437861100265
1965-11-30,0.003117533970948827,-0.00028704410205060427
1965-12-31,0.013492378663721105,0.010155124716324071
1966-01-31,0.012144158880122768,0.008327312040371515
1966-02-28,-0.008596481042452031,-0.011983156137776452
1966-03-31,-0.020902690516797495,-0.024727396514039213
1966-04-30,0.024739560056548537,0.02126528169082409
1966-05-31,-0.05275514970296924,-0.05673605209714494
1966-06-30,-0.010331010869446766,-0.014027557452522488
1966-07-31,-0.01297800924366943,-0.016527615292005415
1966-08-31,-0.07573714607112847,-0.07956933923053422
1966-09-30,-0.007003963437812288,-0.010959957810853904
1966-10-31,0.04234065714904123,0.03754482106404855
1966-11-30,0.017594382151013166,0.013535190054319246
1966-12-31,0.00621408032385995,0.002208034404980186
1967-01-31,0.08556173359486241,0.08102915437650937
1967-02-28,0.01101609444874585,0.0073746194352231065
1967-03-31,0.043419719663762235,0.03930348985027554
1967-04-30,0.041571146258731595,0.03824988193761558
1967-05-31,-0.039461659444636976,-0.04263228936118579
1967-06-30,0.027071577005212122,0.024366739298583573
1967-07-31,0.04918023349319767,0.04583597020526864
1967-08-31,-0.006400405431485456,-0.009595783693105098
1967-09-30,0.03428278024979736,0.03098363574610441
1967-10-31,-0.027485199661643978,-0.03133398448488123
1967-11-30,0.007959151367185724,0.004338038510181441
1967-12-31,0.03383055029301496,0.030327001692530553
1968-01-31,-0.0361958905222407,-0.0400117663691032
1968-02-29,-0.033746137412408506,-0.03741799862574979
1968-03-31,0.0051518871655287235,0.0013600305364362963
1968-04-30,0.09417641121297482,0.08961045030887949
1968-05-31,0.026932621358197295,0.022428991835564904
1968-06-30,0.011533657731748859,0.007246045835968662
1968-07-31,-0.02169747601444527,-0.02634987943603362
1968-08-31,0.018085480362915574,0.013882982553220291
1968-09-30,0.044998271246549315,0.04057731853856317
1968-10-31,0.00902025823469832,0.004672310327152429
1968-11-30,0.05880759121866985,0.054331670350685535
1968-12-31,-0.03389593191997542,-0.03806899748553394
1969-01-31,-0.006828338100197895,-0.012060798990017885
1969-02-28,-0.053871611004215,-0.05830336935711555
1969-03-31,0.030946969363715215,0.026222086865562932
1969-04-30,0.0206029871772051,0.01526330029012768
1969-05-31,0.005188168400138693,0.00034540464209031896
1969-06-30,-0.0680552308441128,-0.07275676767915817
1969-07-31,-0.06521290541491087,-0.07012427567111867
1969-08-31,0.05182815088365733,0.04655220218868816
1969-09-30,-0.022029433894681594,-0.028178825233799554
1969-10-31,0.055691199306005634,0.04941086243308135
1969-11-30,-0.0322382356319868,-0.03719940145800682
1969-12-31,-0.019583350159976254,-0.025825173628944986
1970-01-31,-0.07274517548702764,-0.07839615657381227
1970-02-28,0.05713831130295932,0.05074790031564835
1970-03-31,-0.004783543576955984,-0.010412626127896507
1970-04-30,-0.10543203340682483,-0.10997064790632916
1970-05-31,-0.06438403988605101,-0.06930028823890955
1970-06-30,-0.05117896078992512,-0.056604665255673425
1970-07-31,0.0737719621228774,0.06813470237155395
1970-08-31,0.05022006780886956,0.044732732038820666
1970-09-30,0.047649709552205266,0.042175254720172584
1970-10-31,-0.0183263513842703,-0.022855597804954164
1970-11-30,0.050822094834026554,0.04601067227855671
1970-12-31,0.060778755109320626,0.05636532243713743
1971-01-31,0.05209390720316098,0.0481132169851366
1971-02-28,0.0168934422932272,0.013616738382334459
1971-03-31,0.04506268323250828,0.04194834746019538
1971-04-30,0.03331380675734574,0.03050089621477059
1971-05-31,-0.03656734171599174,-0.03945893198860084
1971-06-30,0.0039240269551601425,0.00017663200448980731
1971-07-31,-0.04046720181346364,-0.04429602766519669
1971-08-31,0.039738533859711156,0.03495371677443093
1971-09-30,-0.00500209099515081,-0.00854908979532465
1971-10-31,-0.04062551045777352,-0.04405145855203052
1971-11-30,-0.0012421729508872437,-0.0050110822501081564
1971-12-31,0.09130765036748367,0.08724948388601517
1972-01-31,0.028456766199078,0.025441322736903027
1972-02-29,0.031411905671504314,0.0289431399407849
1972-03-31,0.008716296621035236,0.006057651537955566
1972-04-30,0.005380656885783708,0.0025700581994869687
1972-05-31,0.016714828267078152,0.01359024034360834
1972-06-30,-0.020722100717635805,-0.02352169600360421
1972-07-31,-0.004133138748914855,-0.007315776157937659
1972-08-31,0.036068639120739654,0.033217220057151664
1972-09-30,-0.007667864856759854,-0.011037684040214213
1972-10-31,0.00855049209433556,0.004565640498597645
1972-11-30,0.04989530955588384,0.04592253445099881
1972-12-31,0.011732592795115071,0.007897226252627787
1973-01-31,-0.027354854639347947,-0.031640922008285166
1973-02-28,-0.04418361528264614,-0.0481806179145855
1973-03-31,-0.00801096973364035,-0.012585687481606045
1973-04-30,-0.05176470053942639,-0.05669658442925496
1973-05-31,-0.024604781016258626,-0.029534285071871946
1973-06-30,-0.008723142783123583,-0.013709510394477875
1973-07-31,0.05691239067848852,0.050290952132252986
1973-08-31,-0.029616111307787074,-0.03629855333451526
1973-09-30,0.054056012769104766,0.04688927109241203
1973-10-31,-0.002890294112992242,-0.009292917325962602
1973-11-30,-0.12114021470947,-0.125956188362068
1973-12-31,0.011528209108878196,0.005076983752570596
1974-01-31,0.004676799831683454,-0.001492953493892224
1974-02-28,0.002405510975507452,-0.003481718033004344
1974-03-31,-0.02342189877630052,-0.028746347274188455
1974-04-30,-0.04590998884297204,-0.05311331101803629
1974-05-31,-0.041773602371835916,-0.04892971466702856
1974-06-30,-0.023093405914025866,-0.028945294373344255
1974-07-31,-0.07113933064040812,-0.07767906638691913
1974-08-31,-0.08792233050920462,-0.09334779140592653
1974-09-30,-0.10987412783731676,-0.11701053243867499
1974-10-31,0.1657648934031486,0.1599184529656339
1974-11-30,-0.04106035979715261,-0.04623658536768582
1974-12-31,-0.02682818881248139,-0.03355928609869663
1975-01-31,0.13902847865068635,0.13256879289132995
1975-02-28,0.05835923888260508,0.05375729125718398
1975-03-31,0.030193711684112,0.025881697777854873
1975-04-30,0.04654569093498817,0.041959835932071865
1975-05-31,0.05540613943093797,0.050773289700880575
1975-06-30,0.05150736443328552,0.0473296892447046
1975-07-31,-0.060387538818802766,-0.06493771501882006
1975-08-31,-0.02347843860935006,-0.028189770734776243
1975-09-30,-0.038159846953624066,-0.04320646202108591
1975-10-31,0.05591148518633027,0.0501117009200418
1975-11-30,0.031308259145024,0.027012798423787565
1975-12-31,-0.010999871592613952,-0.015778131673176876
1976-01-31,0.1261412002225477,0.12097893287425676
1976-02-29,0.007401943051573934,0.003963436132467857
1976-03-31,0.0268421090145059,0.022839171388076007
1976-04-30,-0.010383948617825767,-0.014534183830423819
1976-05-31,-0.009523990953235084,-0.01328288519134857
1976-06-30,0.044669185781957,0.04009128927586669
1976-07-31,-0.006267549221247282,-0.010849919506400463
1976-08-31,-0.001233319242462838,-0.005400138500308516
1976-09-30,0.024324575292230977,0.01982185075865628
1976-10-31,-0.02040425283527847,-0.0243093422517765
1976-11-30,0.0054458719027850044,0.0014327131331142162
1976-12-31,0.06182798892246866,0.05764245912955013
1977-01-31,-0.03616097860177081,-0.03960209841678897
1977-02-28,-0.015781445521655058,-0.019144858938665132
1977-03-31,-0.009286704648352906,-0.012927636708571
1977-04-30,0.004984788206797486,0.0011735962863723692
1977-05-31,-0.01095165619543026,-0.014685534300271641
1977-06-30,0.05149378394194781,0.04734715267761569
1977-07-31,-0.012813941253972727,-0.016935061839814636
1977-08-31,-0.013408545025753615,-0.017713509738573885
1977-09-30,0.0015157545768342828,-0.0028913888364182627
1977-10-31,-0.0392486188501221,-0.04388727045162677
1977-11-30,0.04548337801949187,0.04023771625853145
1977-12-31,0.008164205150474224,0.0033077689308793623
1978-01-31,-0.05539373853306018,-0.05995812320068428
1978-02-28,-0.009474957695123853,-0.013984322014354178
1978-03-31,0.03402963197291631,0.02859189334164758
1978-04-30,0.0828871920891876,0.07707754353436869
1978-05-31,0.0232460502087124,0.018086197671405735
1978-06-30,-0.011004835505319832,-0.016216303743795457
1978-07-31,0.05667781114520665,0.05079224766125279
1978-08-31,0.04277194331173928,0.0370413294608225
1978-09-30,-0.007268417936695748,-0.013407633757628545
1978-10-31,-0.1111656981126603,-0.11724045019817142
1978-11-30,0.033480055340062265,0.026352249304296693
1978-12-31,0.017587584709421344,0.009686296059994381
1979-01-31,0.0491381421391377,0.04110670750376677
1979-02-28,-0.026951697987498413,-0.03396330143720039
1979-03-31,0.0655559907060066,0.056940674466203545
1979-04-30,0.008622514979886642,0.0005874480689478379
1979-05-31,-0.0134846630458062,-0.021488855616999203
1979-06-30,0.04667012013706717,0.0383672567112201
1979-07-31,0.014817427302544983,0.007178179776850868
1979-08-31,0.06495813268386197,0.05692624736311114
1979-09-30,0.001425790511740077,-0.006723905256976526
1979-10-31,-0.07266750047628934,-0.08076552067198339
1979-11-30,0.06389936221223347,0.05347819205023607
1979-12-31,0.02841000038332342,0.018799301366570376
1980-01-31,0.06576770978123703,0.05738256601088598
1980-02-29,0.0009786531410638233,-0.007793150160417706
1980-03-31,-0.12038455311441587,-0.13091870782438597
1980-04-30,0.05249907067867987,0.03956584035167143
1980-05-31,0.06029803826235813,0.05189207756351388
1980-06-30,0.03774265972423141,0.03145200960922767
1980-07-31,0.06938124494908338,0.0637660989146489
1980-08-31,0.022906088709925276,0.016487732973925695
1980-09-30,0.029406904065672368,0.021662721125397022
1980-10-31,0.01996031377786278,0.010393092641748813
1980-11-30,0.10524286215456247,0.0948036620119872
1980-12-31,-0.033870712159550065,-0.046353909568618956
1981-01-31,-0.04012476161390599,-0.049973094877223345
1981-02-28,0.015808982441898545,0.005063478169617941
1981-03-31,0.046794935498813306,0.0342271812250865
1981-04-30,-0.011833794223699012,-0.022369392167694846
1981-05-31,0.013350794640426988,0.0018682795352160664
1981-06-30,-0.011063606658499259,-0.024257380753806568
1981-07-31,-0.003512012924283492,-0.015719035229555645
1981-08-31,-0.05671006409178436,-0.06875387823793166
1981-09-30,-0.06375010197919118,-0.07531884723492799
1981-10-31,0.059877906874582276,0.04739005901116844
1981-11-30,0.04575419219255972,0.034749025803927136
1981-12-31,-0.027629887296530264,-0.036161854354044065
1982-01-31,-0.026619724638805797,-0.03438812533782698
1982-02-28,-0.05111466426744893,-0.05975524668374388
1982-03-31,-0.009500320510071325,-0.01902872640946296
1982-04-30,0.04241417215450505,0.030895827383276675
1982-05-31,-0.027865658369821134,-0.03813317362597668
1982-06-30,-0.023974927208425534,-0.03317692405924677
1982-07-31,-0.020427427300315215,-0.03067186655000509
1982-08-31,0.1198057371413912,0.11125790875027297
1982-09-30,0.016873835414317417,0.01176493573061399
1982-10-31,0.11846963170945046,0.1119454917203837
1982-11-30,0.05195924418626485,0.04536695272297675
1982-12-31,0.014813743640324839,0.007919497406987386
1983-01-31,0.04185809884529612,0.0346753103326356
1983-02-28,0.0301967777625467,0.02396070024682251
1983-03-31,0.03499538885716902,0.028596519845324853
1983-04-30,0.07423550471427576,0.06655469183301044
1983-05-31,0.013337961403048881,0.006342884714372721
1983-06-30,0.03790383717464452,0.03108651835008902
1983-07-31,-0.031859692761570524,-0.039010668390993763
1983-08-31,0.0033354838958514765,-0.004251335960917757
1983-09-30,0.01620025534590308,0.008551057265135942
1983-10-31,-0.028157009619157902,-0.0354878356432905
1983-11-30,0.029658196667420755,0.02255591828317738
1983-12-31,-0.010792090267009669,-0.017834759267795763
1984-01-31,-0.01407542994665878,-0.021507368720759867
1984-02-29,-0.03895262747628414,-0.04586250636217093
1984-03-31,0.013346312704177077,0.006019084923192919
1984-04-30,0.002565584691408773,-0.005622618842783034
1984-05-31,-0.05250555516788025,-0.05979240976319067
1984-06-30,0.02339320108372922,0.015692379845509752
1984-07-31,-0.02059782649360342,-0.02859593817133055
1984-08-31,0.11261971618322497,0.10348549372542903
1984-09-30,0.0003837799188251001,-0.008134916822308824
1984-10-31,-6.361287307699026e-05,-0.009906564845771015
1984-11-30,-0.01083015616259042,-0.01807903951031309
1984-12-31,0.023822389599530203,0.01729733797761046
1985-01-31,0.08573341850298077,0.07885303456147086
1985-02-28,0.016934375065819296,0.011158478559032181
1985-03-31,-0.001670113719598909,-0.007732911608496429
1985-04-30,-0.0021899629754936756,-0.009290954524698525
1985-05-31,0.05576080774528691,0.04883165778944587
1985-06-30,0.01711900511572928,0.011443006510307052
1985-07-31,-8.53258274302604e-05,-0.00622683108896438
1985-08-31,-0.004764607522325992,-0.01022529729383137
1985-09-30,-0.039777295266881896,-0.04561117764550904
1985-10-31,0.044351681586442204,0.037659245820604204
1985-11-30,0.06931085561939132,0.06293450465391781
1985-12-31,0.04239980395309262,0.03564796237342294
1986-01-31,0.0099862446652903,0.004448198542906789
1986-02-28,0.07263053648378115,0.06695933650714614
1986-03-31,0.053843109311425996,0.04755439130455552
1986-04-30,-0.007798523203939367,-0.013026232372538749
1986-05-31,0.050925187151089624,0.045872712086267864
1986-06-30,0.01443996026822325,0.009130935883664648
1986-07-31,-0.059716837532101885,-0.06468310884677286
1986-08-31,0.06623358913609123,0.06133328621620371
1986-09-30,-0.07881413406592941,-0.08288419499960964
1986-10-31,0.04925489109050085,0.04444889805156693
1986-11-30,0.01502252884866584,0.010983273618697442
1986-12-31,-0.026391308984159312,-0.031098504903971702
1987-01-31,0.12832670643604072,0.12362409415201303
1987-02-28,0.04812880163878175,0.04356910262871505
1987-03-31,0.023534438650484102,0.018820947163798785
1987-04-30,-0.01696831074717542,-0.021298222661014776
1987-05-31,0.004996721807015714,0.0011854056312363692
1987-06-30,0.04346567668294887,0.038436600000361976
1987-07-31,0.0439862796585333,0.03918301770618671
1987-08-31,0.037004664382036534,0.03223233389007252
1987-09-30,-0.02076848419664179,-0.025082310636279304
1987-10-31,-0.22548939735673112,-0.23013653655498256
1987-11-30,-0.07235984286015529,-0.07552096331388136
1987-12-31,0.07046021507248357,0.06624178596770358
1988-01-31,0.04489011076564031,0.04176624337547241
1988-02-29,0.05194109135789149,0.04712476419732603
1988-03-31,-0.016598317578707666,-0.02089003693437841
1988-04-30,0.010995067180638252,0.006356893160094135
1988-05-31,0.000592158735512438,-0.0044387962630659805
1988-06-30,0.051517190656412915,0.04645097990312408
1988-07-31,-0.007314861868362055,-0.012268464673231838
1988-08-31,-0.028013117278153143,-0.03381627156095757
1988-09-30,0.03722438361310432,0.03093678887643936
1988-10-31,0.017722440492468294,0.01154746131861839
1988-11-30,-0.01640720235769133,-0.021973641118355758
1988-12-31,0.021027500873987748,0.014620570234493035
1989-01-31,0.06624575593417537,0.06045676102339215
1989-02-28,-0.01637761586602149,-0.022346138299201068
1989-03-31,0.021438359198812318,0.01472437562172324
1989-04-30,0.04818277338177235,0.04109466669387096
1989-05-31,0.03939072908243335,0.03120401597600253
1989-06-30,-0.004890191560649293,-0.011873991569717912
1989-07-31,0.07697127923144742,0.06948513088276909
1989-08-31,0.022266391757155946,0.01477594784651104
1989-09-30,-0.0015374625305027978,-0.008107262444181473
1989-10-31,-0.02922353745049311,-0.03583222956214349
1989-11-30,0.017891346615650283,0.010866405817907987
1989-12-31,0.018403764452955107,0.012316153494713822
1990-01-31,-0.07035143527866139,-0.07567233139416218
1990-02-28,0.01493142644667489,0.00916628887242732
1990-03-31,0.024103577995803205,0.01759657879286025
1990-04-30,-0.028201736280834,-0.03479818254128353
1990-05-31,0.08911388479067073,0.08173872180537378
1990-06-30,-0.004183748461279002,-0.010439991380424618
1990-07-31,-0.009474960225379081,-0.01611318791352523
1990-08-31,-0.09189080421403595,-0.09774610210161971
1990-09-30,-0.053935451309588656,-0.05950866192193249
1990-10-31,-0.012473255852861187,-0.01926897154136986
1990-11-30,0.06579125645741324,0.059782473312656625
1990-12-31,0.029588238968286662,0.02343713963612193
1991-01-31,0.04924407934615749,0.043958938761931465
1991-02-28,0.07593001668365185,0.07085016325993987
1991-03-31,0.028969601143532087,0.024457897158559394
1991-04-30,0.003293206812410965,-0.0019902491191742255
1991-05-31,0.04104033006939867,0.03624993120582887
1991-06-30,-0.04406400185217385,-0.048080031326916295
1991-07-31,0.046831371675162936,0.04178679201778279
1991-08-31,0.02698755851432244,0.022258858469961673
1991-09-30,-0.010991851007302156,-0.015533914048261765
1991-10-31,0.017913709551076407,0.01371103517366068
1991-11-30,-0.03741124381675942,-0.041261778891093726
1991-12-31,0.10714066244344411,0.10298323704694057
1992-01-31,-0.0012121856823981147,-0.004503239726547537
1992-02-29,0.013337236854733536,0.01045507074991181
1992-03-31,-0.023681963958317898,-0.026902275409854348
1992-04-30,0.013460469415491616,0.010274761818758193
1992-05-31,0.006498437129877077,0.0036848623857770324
1992-06-30,-0.01928877870861956,-0.022522940915246314
1992-07-31,0.03973732975953359,0.03654524378270829
1992-08-31,-0.020877292348790988,-0.023344215422942516
1992-09-30,0.012176698514622553,0.009630493651916705
1992-10-31,0.01107771110653788,0.008856748089166144
1992-11-30,0.040277241056138724,0.03778831141076644
1992-12-31,0.018016994326540692,0.015111772337103702
1993-01-31,0.012657578643878065,0.010231475382431077
1993-02-28,0.005377065566716022,0.003087851553965626
1993-03-31,0.025143464487662914,0.022555740815271896
1993-04-30,-0.02538699150273893,-0.02763867015657262
1993-05-31,0.029676964583827292,0.027417311793420884
1993-06-30,0.005462619862776519,0.0028121679717012515
1993-07-31,-0.0009566382973178467,-0.003262016851976468
1993-08-31,0.039602782250311996,0.037094264966446744
1993-09-30,0.0005919697378198308,-0.0019264548052699837
1993-10-31,0.017985146812513175,0.015638163669662974
1993-11-30,-0.017583495182013298,-0.020058342035823462
1993-12-31,0.019611503644057615,0.01737267711317858
1994-01-31,0.031507113358658634,0.028914644038987802
1994-02-28,-0.023887431720263863,-0.025928129078644724
1994-03-31,-0.04599330304754701,-0.04862831832462566
1994-04-30,0.009390725921304632,0.006710343596567414
1994-05-31,0.010016567164684576,0.006841238017642581
1994-06-30,-0.027977970381875994,-0.03097129972202417
1994-07-31,0.030700841854938377,0.027823044865967317
1994-08-31,0.04269141531469067,0.03886797373704143
1994-09-30,-0.01817829655994463,-0.021680548362867924
1994-10-31,0.014499086092121471,0.010673713685801278
1994-11-30,-0.037137638590967526,-0.04077731159298692
1994-12-31,0.012706235247608388,0.008252175058859557
1995-01-31,0.020397427118265865,0.01612439469796212
1995-02-28,0.0395084384974238,0.03537700879317662
1995-03-31,0.027048150142271243,0.022339527115470714
1995-04-30,0.025105418139336866,0.020640768438316526
1995-05-31,0.03389152774925086,0.028454458493474277
1995-06-30,0.03119126036799802,0.026444207745590642
1995-07-31,0.040809057858100184,0.03604121316214837
1995-08-31,0.00940632108656514,0.004775116186032324
1995-09-30,0.03640520634178279,0.03186261861020778
1995-10-31,-0.010988276736221492,-0.015549797137422994
1995-11-30,0.042707707604802136,0.03834571890291838
1995-12-31,0.015286694659952582,0.010427997555991109
1996-01-31,0.028230120104391077,0.02394598245413393
1996-02-29,0.01625985058825341,0.01220570518915931
1996-03-31,0.010867239069255463,0.006843469396105917
1996-04-30,0.02578578839173007,0.021062698467565255
1996-05-31,0.02692367498435111,0.02264476441913499
1996-06-30,-0.008575672395011558,-0.012535589474821252
1996-07-31,-0.05371962489329596,-0.0578851881726703
1996-08-31,0.032605230264720175,0.028303718011986057
1996-09-30,0.05303983685960523,0.04842799038540746
1996-10-31,0.014001428435737928,0.009814250560287174
1996-11-30,0.06560818390251089,0.06136727424585087
1996-12-31,-0.011440649168002692,-0.01600037747394678
1997-01-31,0.05356460699425836,0.048949488077797865
1997-02-28,-0.0010950491396187756,-0.004884390839097641
1997-03-31,-0.04473293384628252,-0.04874636435782009
1997-04-30,0.04243955359310925,0.03787083135852809
1997-05-31,0.0716225745091208,0.06647530021170867
1997-06-30,0.04407369447603804,0.04014215074598115
1997-07-31,0.07666932922988856,0.07219272154946155
1997-08-31,-0.03605498844996324,-0.040102679881691805
1997-09-30,0.05850856609678057,0.05386274231994603
1997-10-31,-0.03446908773594948,-0.03846523724137629
1997-11-30,0.03038144802203102,0.026284197970092293
1997-12-31,0.017930621487383558,0.013018961530867568
1998-01-31,0.004602003697688817,0.000391812739621189
1998-02-28,0.07336079771721571,0.06910197611719848
1998-03-31,0.051243937039325616,0.04709820436948098
1998-04-30,0.010818365864023294,0.0065834208069832645
1998-05-31,-0.0258392770854019,-0.029733683081676454
1998-06-30,0.03230975062850949,0.0280093334046132
1998-07-31,-0.023206821590557203,-0.02707189543296984
1998-08-31,-0.15823141105712102,-0.16178947302855218
1998-09-30,0.06447303315071018,0.059579562417787724
1998-10-31,0.07408945848498316,0.07056155269848796
1998-11-30,0.062297233202529556,0.05912433740190126
1998-12-31,0.06296717774053984,0.059009522163681716
1999-01-31,0.03850458601155249,0.0347691432344972
1999-02-28,-0.03808571891740642,-0.0415596558124014
1999-03-31,0.038275367682626626,0.033992146755535524
1999-04-30,0.049068793751526396,0.04511922304725502
1999-05-31,-0.020548344615470282,-0.023876773721649203
1999-06-30,0.05171522076081492,0.047567588729687804
1999-07-31,-0.031125943926559207,-0.03478733447992688
1999-08-31,-0.008851108364187898,-0.012770451219382473
1999-09-30,-0.022750051165281615,-0.02644165477485194
1999-10-31,0.06236538588106666,0.05836800095738859
1999-11-30,0.037841618865531945,0.03414922848231816
1999-12-31,0.08380098540983671,0.07905950353368829
2000-01-31,-0.03960706820953008,-0.04364136533178686
2000-02-29,0.03263865110190545,0.028111485911709755
2000-03-31,0.05078997836755739,0.045976693610708885
2000-04-30,-0.05952946422462824,-0.06382383923812807
2000-05-31,-0.03792729458457844,-0.04279288937157477
2000-06-30,0.05208597394027015,0.04793686844573242
2000-07-31,-0.018652984265056682,-0.023357451955748454
2000-08-31,0.0757919647298333,0.07037869347332659
2000-09-30,-0.051347088853601175,-0.05609177434513912
2000-10-31,-0.024742292834454616,-0.03009907771163156
2000-11-30,-0.10299526639517365,-0.1075291193480179
2000-12-31,0.020499524732945584,0.01541338793982816
2001-01-31,0.041932202750563974,0.03626827635446128
2001-02-28,-0.09950450851791337,-0.10293930078680835
2001-03-31,-0.07044408403734392,-0.0743353728742564
2001-04-30,0.08405495544589625,0.07974353713081328
2001-05-31,0.010347545851001394,0.007019997424326352
2001-06-30,-0.017543620519306802,-0.020224598089600088
2001-07-31,-0.018042441829815625,-0.020928037758074947
2001-08-31,-0.05868154220534039,-0.06149956179547178
2001-09-30,-0.09153889156895378,-0.0940049035628111
2001-10-31,0.027904814040754955,0.02554588366015098
2001-11-30,0.07878603157562392,0.07698156684175128
2001-12-31,0.017955878076479914,0.016532887940107877
2002-01-31,-0.016031084577760923,-0.01747768629011215
2002-02-28,-0.021739893696146373,-0.023041746436844424
2002-03-31,0.04468707137313577,0.04322860559857111
2002-04-30,-0.04958906960243259,-0.05105507524641528
2002-05-31,-0.01037845408510829,-0.011902193489945256
2002-06-30,-0.07038027154301174,-0.07149933531591102
2002-07-31,-0.08105315606309638,-0.08247315102718
2002-08-31,0.007986930861491492,0.006657461588918778
2002-09-30,-0.10004705126518276,-0.10131298608523354
2002-10-31,0.07496324439609325,0.0734850990472593
2002-11-30,0.06081369525789948,0.059545065172167844
2002-12-31,-0.053307008348178475,-0.05430318627146802
2003-01-31,-0.023471562077742814,-0.024497669499008667
2003-02-28,-0.015363034359440308,-0.016298831883651776
2003-03-31,0.010387373685643242,0.009327390313240924
2003-04-30,0.08270609042257449,0.08157404468318763
2003-05-31,0.06349201487016054,0.06260161380748541
2003-06-30,0.016381503020772126,0.015315613119680549
2003-07-31,0.023042584884631623,0.022368260058582612
2003-08-31,0.025064795930838102,0.02441994566505845
2003-09-30,-0.009180970745519823,-0.01001332626313034
2003-10-31,0.060350439704163206,0.05962088055828563
2003-11-30,0.016597254482347168,0.01582556868005569
2003-12-31,0.04548016031610991,0.04456236353798926
2004-01-31,0.023031568132296565,0.02241861011110924
2004-02-29,0.015449340955954405,0.014871146890019338
2004-03-31,-0.010656405683263426,-0.011566665818006139
2004-04-30,-0.024238880067896984,-0.025059174719290755
2004-05-31,0.014090463570889611,0.013482589482382679
2004-06-30,0.021629544921581756,0.020772575955329442
2004-07-31,-0.03768605157123606,-0.038697843568311185
2004-08-31,0.002794510224507496,0.0016921176755693157
2004-09-30,0.020541691689923924,0.019471677035317825
2004-10-31,0.017800143471957686,0.016732856275842867
2004-11-30,0.048282281665457116,0.04674581211580331
2004-12-31,0.03524051101895975,0.03364989337799962
2005-01-31,-0.0265178169339243,-0.028076329936949307
2005-02-28,0.022697801209047075,0.020952428917326626
2005-03-31,-0.01685059100529951,-0.019012953938643773
2005-04-30,-0.02522159068876806,-0.02726914704900496
2005-05-31,0.03799319245285471,0.035602261472066576
2005-06-30,0.011474352709846425,0.009252570161890183
2005-07-31,0.043326781803571635,0.04083090714368187
2005-08-31,-0.006014117513118755,-0.008982712529909453
2005-09-30,0.010593396945058453,0.0076278522444532815
2005-10-31,-0.02099648076329852,-0.023668509139165073
2005-11-30,0.040330319656327385,0.03706429437929404
2005-12-31,0.003497275011800083,0.0003414842628504111
2006-01-31,0.04005715158985934,0.03653349960489183
2006-02-28,-0.0016283545630638718,-0.0050376069326423245
2006-03-31,0.018970178325483644,0.01522996464527493
2006-04-30,0.013077589343025053,0.009429063064127607
2006-05-31,-0.031025100410580708,-0.03528587665846972
2006-06-30,-0.00031822906507295023,-0.00426978142475376
2006-07-31,-0.0018474909603838352,-0.005833064141463895
2006-08-31,0.025151807418996475,0.020920586351266923
2006-09-30,0.019410974988747665,0.01534491608187305
2006-10-31,0.037133854793533594,0.03304128764214331
2006-11-30,0.02357607465810796,0.01929032514334228
2006-12-31,0.010861081036865006,0.006827448682110937
2007-01-31,0.019592069660122613,0.015119504172397491
2007-02-28,-0.014020795350343285,-0.017763700920121472
2007-03-31,0.012952416602762362,0.0087290183697184
2007-04-30,0.03975804386075055,0.03520147222404524
2007-05-31,0.03890949030902857,0.034810213087545616
2007-06-30,-0.014821285500814962,-0.01874760764511041
2007-07-31,-0.03172141835144904,-0.03558363631805728
2007-08-31,0.011693619816188328,0.007515155845738919
2007-09-30,0.04083449050977439,0.03748463640497257
2007-10-31,0.025704105605874883,0.022409923837619417
2007-11-30,-0.04875750419648062,-0.05195656524468617
2007-12-31,-0.004362520097501821,-0.007147376745027523
2008-01-31,-0.062072419453569005,-0.06404630682328394
2008-02-29,-0.021622277116587152,-0.02299270093986794
2008-03-31,-0.010335678723683794,-0.012116749482812939
2008-04-30,0.05106556742071322,0.04922131749858338
2008-05-31,0.023818126152606256,0.02210135638992039
2008-06-30,-0.07853329824597277,-0.08008625179652729
2008-07-31,-0.013053236548739244,-0.014573065565756216
2008-08-31,0.010535573640609641,0.009263611217761092
2008-09-30,-0.0989127811128222,-0.10024373025015476
2008-10-31,-0.18416983759307415,-0.18492760536456843
2008-11-30,-0.08364654297734964,-0.08382160493564217
2008-12-31,0.02232400432061654,0.02232400432061654
2009-01-31,-0.07849033337403144,-0.07849033337403144
2009-02-28,-0.10050757985533709,-0.10067946384162452
2009-03-31,0.08701581547040504,0.08677749411962732
2009-04-30,0.1094249292077929,0.10919307832809988
2009-05-31,0.06785534191048659,0.06785534191048659
2009-06-30,-0.0030959906856985464,-0.0030959906856985464
2009-07-31,0.08181094892775542,0.08157380462970898
2009-08-31,0.03133507939625568,0.031118825840076525
2009-09-30,0.04527389329116005,0.04527389329116005
2009-10-31,-0.028046712911121263,-0.028046712911121263
2009-11-30,0.057158927541719695,0.057158927541719695
2009-12-31,0.028345332690467906,0.028345332690467906
2010-01-31,-0.03713339786427239,-0.03713339786427239
2010-02-28,0.03477400804872066,0.03477400804872066
2010-03-31,0.06363956315040897,0.06363956315040897
2010-04-30,0.02006969027186245,0.019855689859938463
2010-05-31,-0.07921350039734576,-0.07939843957900605
2010-06-30,-0.050825887500006495,-0.05103520716228438
2010-07-31,0.07021703270849877,0.06999301723806828
2010-08-31,-0.04291810851711275,-0.04312907789599041
2010-09-30,0.0915668083934964,0.09133854601002334
2010-10-31,0.038529801213851744,0.03831211821749214
2010-11-30,0.005122513228228431,0.004911500580668138
2010-12-31,0.06728335489455572,0.06704926788195165
2011-01-31,0.0190748360037849,0.0190748360037849
2011-02-28,0.03813282503059612,0.037935979778257245
2011-03-31,0.0034299049510231328,0.0034299049510231328
2011-04-30,0.028691142307985418,0.028691142307985418
2011-05-31,-0.014824625024998594,-0.014824625024998594
2011-06-30,-0.018264327549097903,-0.018264327549097903
2011-07-31,-0.022433278712311933,-0.022433278712311933
2011-08-31,-0.05731435523889972,-0.05731435523889972
2011-09-30,-0.08496329271999425,-0.08496329271999425
2011-10-31,0.1140176756296567,0.1140176756296567
2011-11-30,-0.006577484144231982,-0.006577484144231982
2011-12-31,0.0037129030094393833,0.0037129030094393833
2012-01-31,0.054102685548130136,0.054102685548130136
2012-02-29,0.04118065891387235,0.04118065891387235
2012-03-31,0.024026982544445463,0.024026982544445463
2012-04-30,-0.0068070015814798435,-0.0068070015814798435
2012-05-31,-0.06588918172459157,-0.06588918172459157
2012-06-30,0.03820985649310482,0.03820985649310482
2012-07-31,0.010293736727502667,0.010293736727502667
2012-08-31,0.02629229842739944,0.02629229842739944
2012-09-30,0.02650976953762041,0.02650976953762041
2012-10-31,-0.013962524533180809,-0.013962524533180809
2012-11-30,0.006289174118814245,0.006289174118814245
2012-12-31,0.012589276201133703,0.012386899961036146
2013-01-31,0.05415401706626288,0.05415401706626288
2013-02-28,0.008372542089039037,0.008372542089039037
2013-03-31,0.035316341416329555,0.035316341416329555
2013-04-30,0.014946401771559259,0.014946401771559259
2013-05-31,0.019178808012610515,0.019178808012610515
2013-06-30,-0.015042944377979928,-0.015042944377979928
2013-07-31,0.05263016084474992,0.05263016084474992
2013-08-31,-0.025734029656800383,-0.025734029656800383
2013-09-30,0.03750895014279987,0.03750895014279987
2013-10-31,0.03996162973743722,0.03996162973743722
2013-11-30,0.024925233137640612,0.024925233137640612
2013-12-31,0.026196545743698563,0.026196545743698563
2014-01-31,-0.02995501167319381,-0.02995501167319381
2014-02-28,0.04628981908656682,0.04628981908656682
2014-03-31,0.004435728479591283,0.004435728479591283
2014-04-30,0.0014230836859687734,0.0014230836859687734
2014-05-31,0.020251281629471762,0.020251281629471762
2014-06-30,0.028027398810571702,0.028027398810571702
2014-07-31,-0.020529615560398673,-0.020529615560398673
2014-08-31,0.04029077253384883,0.04029077253384883
2014-09-30,-0.025125348583250773,-0.025125348583250773
2014-10-31,0.02121157458391032,0.02121157458391032
2014-11-30,0.0213695336172246,0.0213695336172246
2014-12-31,-0.003581473678685665,-0.003581473678685665
2015-01-31,-0.027105997333789933,-0.027105997333789933
2015-02-28,0.05600065570676427,0.05600065570676427
2015-03-31,-0.010326238071925786,-0.010326238071925786
2015-04-30,0.008638754389894698,0.008638754389894698
2015-05-31,0.010356373336695368,0.010356373336695368
2015-06-30,-0.019239652885978398,-0.019239652885978398
2015-07-31,0.012304674910059266,0.012304674910059266
2015-08-31,-0.060059887202917106,-0.060059887202917106
2015-09-30,-0.03382063650469824,-0.03382063650469824
2015-10-31,0.07394483006653796,0.07394483006653796
2015-11-30,0.002592850161154514,0.002592850161154514
2015-12-31,-0.022346671387085126,-0.022346671387085126
2016-01-31,-0.05699828157116926,-0.05699828157116926
2016-02-29,0.0006872679635445689,0.00048714206252253867
2016-03-31,0.07050533082456156,0.07027056559978262
2016-04-30,0.011831183803108214,0.011831183803108214
2016-05-31,0.014391574173209687,0.014178713084310957
2016-06-30,0.0031732215136743847,0.002952562384330726
2016-07-31,0.03878681701100262,0.038579471836822865
2016-08-31,0.0027987476770696684,0.002568155760947155
2016-09-30,0.0030445022736407257,0.0028339056004167418
2016-10-31,-0.021608628225989857,-0.021814285596710947
2016-11-30,0.04067879930217244,0.04046068864835628
2016-12-31,0.01874791253434549,0.018534183258629433
2017-01-31,0.022173285899443007,0.021764938097499797
2017-02-28,0.03262816731240048,0.03223649944692797
2017-03-31,0.0020500970746941682,0.0018196681453572783
2017-04-30,0.009619069551856763,0.00904402551029082
2017-05-31,0.00935794410650237,0.008692251190987266
2017-06-30,0.009678216021063335,0.009012322301457765
2017-07-31,0.02027420692813897,0.01945911051886906
2017-08-31,0.0016129670402280638,0.0006919383931576206
2017-09-30,0.023813294189303003,0.022791164139098763
2017-10-31,0.019314963398707086,0.018419117856359524
2017-11-30,0.027409702379173284,0.02654812692011843
2017-12-31,0.012286759702375694,0.011477727023639694
2018-01-31,0.05068782768483837,0.04958773329126487
2018-02-28,-0.03943516043381656,-0.04053206749316429
2018-03-31,-0.018494522671499647,-0.019731657581947837
2018-04-30,0.004840273015696006,0.003364458905115386
2018-05-31,0.02627751589218774,0.024925253081686805
2018-06-30,0.005291238189052416,0.004025629418666243
2018-07-31,0.031689061732464774,0.029959756837920626
2018-08-31,0.03035187505374015,0.028696420814640966
2018-09-30,0.00047995351410912157,-0.0010396527772174036
2018-10-31,-0.0739878055995572,-0.07569601395513459
2018-11-30,0.01870156829594638,0.01699291756339294
2018-12-31,-0.08971696530021833,-0.09145376654388204
2019-01-31,0.08800893982788116,0.08573541572331167
2019-02-28,0.032714513502245524,0.030757413351090612
2019-03-31,0.013366196287714294,0.01145381369893661
2019-04-30,0.037867331660899506,0.03569381788751924
2019-05-31,-0.061593664757501276,-0.06345539291061852
2019-06-30,0.06738590046519,0.06547245301806837
2019-07-31,0.012007516146494979,0.010006693947034018
2019-08-31,-0.020256183370570113,-0.021765418685658955
2019-09-30,0.015959764094528595,0.014134017530701204
2019-10-31,0.019248805479426423,0.017610387571693087
2019-11-30,0.03495251929526999,0.03371340509571885
2019-12-31,0.02849238713339597,0.026983565325135128
